Data,Interwencje,Zatrzymani na gorącym uczynku,Zatrzymani poszukiwani,Kierujący po spożyciu alkoholu,Wypadki drogowe,Zabici w wypadkach,Ranni w wypadkach
2018-01-01,20633.0,791,147,336,46,8,56
2018-01-02,14740.0,503,244,173,67,6,81
2018-01-03,14246.0,458,285,107,88,6,101
2018-01-04,14380.0,479,310,124,66,8,65
2018-01-05,16531.0,603,302,137,80,7,92
2018-01-06,14351.0,485,190,160,48,4,60
2018-01-07,12550.0,506,157,187,48,5,82
2018-01-08,14280.0,608,281,263,62,9,66
2018-01-09,13368.0,466,281,139,56,3,61
2018-01-10,13852.0,526,284,128,66,4,72
2018-01-11,14599.0,559,303,141,80,5,89
2018-01-12,15373.0,546,306,173,67,3,67
2018-01-13,14881.0,598,176,182,43,4,52
2018-01-14,12928.0,587,168,212,43,9,47
2018-01-15,13599.0,545,297,192,66,6,79
2018-01-16,14093.0,458,264,106,74,2,86
2018-01-17,14508.0,507,315,103,62,9,65
2018-01-18,14610.0,467,294,99,47,3,51
2018-01-19,15496.0,490,345,122,72,6,82
2018-01-20,15959.0,550,201,190,50,7,63
2018-01-21,13276.0,517,139,168,50,6,63
2018-01-22,14082.0,514,260,166,54,5,53
2018-01-23,13587.0,470,308,104,42,1,51
2018-01-24,13828.0,519,318,125,62,5,67
2018-01-25,15093.0,582,337,179,56,3,63
2018-01-26,16102.0,553,308,150,62,4,87
2018-01-27,16043.0,575,176,204,57,9,74
2018-01-28,13300.0,643,141,228,53,5,84
2018-01-29,14145.0,490,292,136,73,14,92
2018-01-30,13807.0,526,299,108,50,7,57
2018-01-31,14119.0,531,338,137,60,3,72
2018-02-01,14762.0,606,318,166,68,6,78
2018-02-02,16100.0,562,283,156,75,7,83
2018-02-03,16088.0,576,179,232,41,9,46
2018-02-04,12988.0,581,158,200,37,2,45
2018-02-05,14103.0,517,249,164,63,2,76
2018-02-06,13709.0,486,278,110,67,7,66
2018-02-07,13820.0,502,282,157,58,9,61
2018-02-08,13673.0,479,259,115,71,4,82
2018-02-09,14980.0,503,263,137,66,6,78
2018-02-10,15630.0,549,145,181,52,2,68
2018-02-11,13486.0,647,140,248,33,4,46
2018-02-12,14800.0,557,231,171,78,7,90
2018-02-13,14454.0,559,273,173,66,1,83
2018-02-14,13693.0,529,259,140,66,4,74
2018-02-15,14217.0,540,302,145,80,2,94
2018-02-16,15311.0,581,271,149,61,3,68
2018-02-17,15800.0,619,154,223,74,7,83
2018-02-18,13177.0,554,159,195,46,5,61
2018-02-19,14120.0,492,322,144,61,8,83
2018-02-20,14058.0,523,279,132,53,4,59
2018-02-21,13594.0,580,255,138,53,2,59
2018-02-22,13702.0,571,288,143,40,7,45
2018-02-23,14946.0,552,284,135,56,2,66
2018-02-24,14589.0,511,140,177,52,1,73
2018-02-25,12239.0,474,152,177,34,2,43
2018-02-26,13342.0,408,283,101,63,3,67
2018-02-27,13393.0,412,349,94,43,4,53
2018-02-28,12936.0,448,282,103,58,7,72
2018-03-01,13639.0,492,288,131,52,2,59
2018-03-02,14761.0,531,273,121,67,3,77
2018-03-03,14834.0,508,149,169,39,4,62
2018-03-04,12645.0,522,152,183,35,1,48
2018-03-05,14266.0,570,258,150,58,6,62
2018-03-06,14615.0,531,266,137,58,2,62
2018-03-07,14389.0,572,269,151,49,2,56
2018-03-08,15510.0,773,288,310,70,9,74
2018-03-09,16186.0,621,228,183,79,4,83
2018-03-10,17913.0,703,153,268,59,9,77
2018-03-11,15154.0,664,145,272,58,10,71
2018-03-12,15753.0,619,264,191,56,2,75
2018-03-13,15371.0,593,310,156,58,3,60
2018-03-14,14713.0,572,293,150,59,8,54
2018-03-15,14968.0,638,303,177,47,7,52
2018-03-16,16604.0,515,350,111,80,9,105
2018-03-17,14684.0,494,169,157,51,2,66
2018-03-18,11753.0,468,123,191,44,5,50
2018-03-19,13380.0,468,241,142,55,4,63
2018-03-20,14115.0,550,348,141,61,3,73
2018-03-21,14605.0,607,268,150,50,6,55
2018-03-22,14429.0,572,324,136,52,10,71
2018-03-23,15826.0,589,308,173,63,3,66
2018-03-24,16919.0,665,149,261,49,6,53
2018-03-25,14655.0,607,131,252,67,7,79
2018-03-26,15005.0,602,254,204,55,0,60
2018-03-27,14565.0,634,263,204,45,3,53
2018-03-28,14856.0,577,294,176,53,5,63
2018-03-29,15561.0,550,442,157,85,6,110
2018-03-30,18092.0,582,374,191,73,4,83
2018-03-31,15918.0,720,211,276,58,7,83
2018-04-01,10311.0,401,100,184,49,6,66
2018-04-02,11974.0,569,125,239,58,6,71
2018-04-03,16265.0,558,285,202,59,5,83
2018-04-04,16239.0,601,303,167,73,8,78
2018-04-05,16076.0,594,288,163,64,3,75
2018-04-06,17176.0,604,281,199,84,3,90
2018-04-07,18597.0,642,163,254,80,8,85
2018-04-08,15882.0,630,144,301,77,1,99
2018-04-09,17030.0,649,252,254,109,2,150
2018-04-10,16455.0,606,250,223,84,6,91
2018-04-11,16426.0,642,330,212,79,3,91
2018-04-12,16668.0,601,263,214,76,5,81
2018-04-13,17729.0,586,281,190,90,1,110
2018-04-14,19213.0,701,141,312,103,11,114
2018-04-15,16491.0,724,134,346,72,9,90
2018-04-16,16140.0,632,277,221,99,7,114
2018-04-17,15458.0,563,269,167,61,2,73
2018-04-18,16145.0,606,309,199,100,7,117
2018-04-19,15996.0,543,279,167,75,5,79
2018-04-20,17913.0,583,296,195,113,6,129
2018-04-21,19052.0,561,167,253,111,9,129
2018-04-22,16053.0,647,138,335,92,11,120
2018-04-23,15730.0,624,218,261,89,4,111
2018-04-24,15298.0,561,284,184,94,7,102
2018-04-25,15482.0,528,242,170,72,1,85
2018-04-26,15078.0,559,287,161,85,6,102
2018-04-27,17189.0,553,273,218,95,5,107
2018-04-28,18683.0,609,166,275,97,7,131
2018-04-29,17316.0,737,166,339,75,13,103
2018-04-30,18410.0,532,220,257,86,4,115
2018-05-01,15572.0,589,137,269,61,10,81
2018-05-02,16783.0,591,170,259,89,4,103
2018-05-03,13962.0,582,142,285,64,6,88
2018-05-04,16566.0,540,199,251,94,4,107
2018-05-05,16358.0,550,139,251,87,8,119
2018-05-06,14564.0,620,131,287,104,11,127
2018-05-07,15519.0,495,176,171,116,8,124
2018-05-08,15341.0,450,261,137,96,5,107
2018-05-09,15632.0,463,232,150,100,12,115
2018-05-10,17580.0,597,284,190,96,6,110
2018-05-11,18740.0,618,263,214,105,12,118
2018-05-12,20284.0,601,151,281,103,7,111
2018-05-13,16989.0,678,143,319,99,8,108
2018-05-14,16306.0,593,238,226,115,5,132
2018-05-15,15541.0,496,221,170,88,3,112
2018-05-16,15467.0,520,252,154,92,5,105
2018-05-17,14618.0,532,233,146,82,3,100
2018-05-18,16443.0,545,222,178,82,6,88
2018-05-19,17583.0,631,174,270,107,7,142
2018-05-20,15674.0,662,151,293,94,3,123
2018-05-21,15984.0,542,211,186,89,6,104
2018-05-22,15517.0,505,246,178,102,5,112
2018-05-23,15830.0,515,281,157,114,4,138
2018-05-24,16557.0,626,289,240,108,0,133
2018-05-25,18219.0,540,320,175,128,8,143
2018-05-26,18594.0,600,135,268,95,5,117
2018-05-27,17523.0,667,140,337,82,11,106
2018-05-28,17415.0,538,288,235,97,3,117
2018-05-29,17251.0,518,297,164,129,7,153
2018-05-30,19220.0,509,247,179,123,4,140
2018-05-31,16709.0,572,139,289,90,7,111
2018-06-01,19409.0,694,222,287,109,7,130
2018-06-02,19820.0,655,165,323,97,7,127
2018-06-03,18064.0,682,155,341,85,2,114
2018-06-04,17279.0,574,235,214,117,10,153
2018-06-05,16421.0,590,242,200,96,4,110
2018-06-06,15881.0,508,262,171,106,3,129
2018-06-07,16459.0,546,226,181,118,5,130
2018-06-08,18472.0,600,304,221,138,4,180
2018-06-09,21373.0,860,156,501,101,3,130
2018-06-10,19243.0,738,148,367,82,6,105
2018-06-11,18049.0,566,243,239,111,8,134
2018-06-12,16014.0,492,234,168,114,6,128
2018-06-13,16077.0,598,286,204,87,3,103
2018-06-14,15984.0,553,282,165,90,5,104
2018-06-15,18408.0,531,267,215,98,14,112
2018-06-16,20035.0,665,161,326,112,11,118
2018-06-17,17830.0,689,157,356,74,7,92
2018-06-18,10374.0,657,210,225,104,10,135
2018-06-19,17594.0,586,274,211,94,6,103
2018-06-20,17582.0,642,357,243,87,7,92
2018-06-21,17537.0,545,269,201,107,7,127
2018-06-22,17317.0,511,276,196,119,7,152
2018-06-23,16310.0,602,177,237,107,6,138
2018-06-24,14166.0,638,132,295,84,8,122
2018-06-25,15356.0,589,194,255,85,8,108
2018-06-26,14953.0,486,417,161,80,6,93
2018-06-27,15598.0,561,459,178,72,3,100
2018-06-28,15809.0,525,312,175,97,5,117
2018-06-29,18331.0,547,297,226,96,10,112
2018-06-30,17367.0,606,179,273,93,4,122
2018-07-01,14176.0,623,153,298,75,9,104
2018-07-02,14616.0,525,195,225,76,6,90
2018-07-03,15392.0,517,217,187,83,7,98
2018-07-04,16310.0,580,291,202,85,5,91
2018-07-05,16234.0,517,292,196,86,12,96
2018-07-06,17657.0,545,254,225,99,3,136
2018-07-07,19004.0,627,159,299,99,9,121
2018-07-08,17166.0,668,167,305,109,12,134
2018-07-09,16739.0,559,244,230,112,8,134
2018-07-10,16039.0,523,271,183,102,6,120
2018-07-11,15911.0,570,246,186,101,9,113
2018-07-12,15963.0,566,265,223,92,7,110
2018-07-13,17229.0,484,291,184,128,13,149
2018-07-14,18098.0,587,193,236,106,12,134
2018-07-15,16259.0,658,173,321,93,7,129
2018-07-16,16612.0,635,257,284,107,4,145
2018-07-17,15630.0,502,263,180,92,4,109
2018-07-18,15362.0,462,268,150,95,6,122
2018-07-19,16204.0,534,285,155,65,3,77
2018-07-20,18501.0,474,287,172,83,7,91
2018-07-21,20719.0,583,179,276,96,6,108
2018-07-22,17847.0,605,167,328,88,9,102
2018-07-23,17362.0,560,253,244,99,9,113
2018-07-24,17203.0,513,267,178,102,6,128
2018-07-25,17299.0,542,330,200,108,6,135
2018-07-26,17309.0,536,269,215,105,2,120
2018-07-27,19189.0,475,262,195,83,6,96
2018-07-28,21238.0,693,181,296,94,9,121
2018-07-29,19721.0,706,189,328,68,10,90
2018-07-30,18350.0,611,298,227,85,4,107
2018-07-31,17867.0,493,293,175,88,9,111
2018-08-01,18160.0,544,269,165,84,7,104
2018-08-02,18405.0,570,262,246,87,5,98
2018-08-03,19907.0,562,264,224,116,9,119
2018-08-04,21997.0,665,164,281,88,7,105
2018-08-05,19042.0,707,169,346,91,8,118
2018-08-06,17712.0,513,277,210,100,8,125
2018-08-07,17163.0,534,307,182,117,14,130
2018-08-08,17094.0,531,310,182,126,13,149
2018-08-09,17887.0,577,334,238,103,10,117
2018-08-10,19000.0,554,263,220,111,10,125
2018-08-11,20074.0,551,183,250,91,10,126
2018-08-12,17162.0,675,164,331,89,7,117
2018-08-13,17642.0,535,278,228,88,2,117
2018-08-14,18770.0,563,290,208,102,9,121
2018-08-15,15822.0,526,171,258,61,1,69
2018-08-16,17344.0,728,304,383,91,3,108
2018-08-17,18165.0,580,241,221,88,4,115
2018-08-18,19928.0,624,172,280,100,17,158
2018-08-19,17567.0,626,160,323,87,14,98
2018-08-20,17628.0,561,300,250,87,5,112
2018-08-21,17148.0,594,349,196,73,4,85
2018-08-22,16600.0,517,299,180,87,9,89
2018-08-23,16990.0,554,305,197,97,6,111
2018-08-24,18607.0,575,276,210,92,9,101
2018-08-25,18993.0,611,185,279,126,8,161
2018-08-26,15684.0,604,163,280,77,7,108
2018-08-28,15199.0,524,255,225,87,4,100
2018-08-28,15154.0,464,322,151,80,9,82
2018-08-29,15567.0,526,345,173,86,12,86
2018-08-30,15581.0,523,386,194,91,5,108
2018-08-31,17253.0,541,362,225,98,6,120
2018-09-01,19236.0,640,189,271,101,9,116
2018-09-02,16460.0,644,161,330,87,8,106
2018-09-03,16341.0,470,236,180,110,9,127
2018-09-04,15764.0,524,326,197,98,5,109
2018-09-05,15284.0,484,311,164,78,3,83
2018-09-06,15802.0,506,327,178,108,5,115
2018-09-07,17378.0,518,330,175,114,16,129
2018-09-08,18642.0,586,195,267,122,9,143
2018-09-09,15602.0,554,169,289,86,17,103
2018-09-10,15996.0,610,303,264,108,6,136
2018-09-11,15799.0,514,315,156,102,4,123
2018-09-12,16014.0,536,291,184,115,6,133
2018-09-13,15560.0,509,294,186,101,10,121
2018-09-14,17116.0,529,381,176,104,12,125
2018-09-15,18129.0,624,194,259,94,9,114
2018-09-16,15437.0,591,154,284,78,8,92
2018-09-17,15351.0,504,276,194,91,5,130
2018-09-18,15393.0,533,341,180,82,5,89
2018-09-19,15538.0,514,310,169,97,3,108
2018-09-20,16148.0,536,310,179,101,12,110
2018-09-21,18370.0,510,311,184,123,7,142
2018-09-22,,514,209,230,96,6,126
2018-09-23,13206.0,555,167,260,63,5,88
2018-09-24,14374.0,437,324,146,112,8,151
2018-09-25,13156.0,404,310,116,71,3,83
2018-09-26,13555.0,420,315,112,85,3,96
2018-09-27,14279.0,482,365,154,79,8,88
2018-09-28,15727.0,475,356,167,92,10,101
2018-09-29,16340.0,542,225,230,107,8,120
2018-09-30,14321.0,533,168,243,84,10,95
2018-10-01,14738.0,551,304,233,98,11,108
2018-10-02,13156.0,407,277,115,82,6,97
2018-10-03,13781.0,464,283,136,91,6,114
2018-10-04,14290.0,503,364,153,79,5,95
2018-10-05,16743.0,540,340,192,84,9,86
2018-10-06,17592.0,583,193,228,108,15,123
2018-10-07,15305.0,652,176,293,89,13,111
2018-10-08,14841.0,624,320,251,85,7,95
2018-10-09,15124.0,550,369,197,70,5,84
2018-10-10,15330.0,573,355,170,96,8,101
2018-10-11,15829.0,563,362,189,103,7,114
2018-10-12,18120.0,630,364,221,117,9,133
2018-10-13,19052.0,649,204,290,127,9,143
2018-10-14,14880.0,574,146,279,97,13,116
2018-10-15,16557.0,580,289,200,123,14,135
2018-10-16,15671.0,553,361,179,104,9,110
2018-10-17,15408.0,582,335,197,104,6,115
2018-10-18,15405.0,533,354,177,86,5,100
2018-10-19,16849.0,577,337,191,82,8,99
2018-10-20,17691.0,596,208,267,84,6,96
2018-10-21,15606.0,723,202,338,80,7,105
2018-10-22,14482.0,552,261,230,73,4,84
2018-10-23,13481.0,437,302,130,106,7,134
2018-10-24,14064.0,445,293,146,125,12,146
2018-10-25,14315.0,519,365,164,116,8,144
2018-10-26,16056.0,534,393,181,98,9,112
2018-10-27,16375.0,564,186,231,79,10,88
2018-10-28,13588.0,542,168,245,83,8,103
2018-10-29,14414.0,484,340,158,107,6,136
2018-10-30,15735.0,478,378,131,104,9,124
2018-10-31,18449.0,509,364,192,128,13,135
2018-11-01,13209.0,437,183,201,65,8,83
2018-11-02,16342.0,514,248,197,79,11,96
2018-11-03,15276.0,519,167,209,82,14,114
2018-11-04,13566.0,486,143,204,57,7,75
2018-11-05,12862.0,296,164,101,62,6,72
2018-11-06,12696.0,229,131,57,105,9,122
2018-11-07,12015.0,223,112,75,71,9,71
2018-11-08,11637.0,230,108,80,83,8,98
2018-11-09,13241.0,195,100,81,78,4,83
2018-11-10,15694.0,348,104,139,60,5,71
2018-11-11,12852.0,356,86,164,69,3,96
2018-11-12,11169.0,361,110,161,62,3,75
2018-11-13,14146.0,396,217,139,100,12,117
2018-11-14,14060.0,479,332,160,108,9,114
2018-11-15,14006.0,483,337,158,76,8,81
2018-11-16,15027.0,467,310,146,56,6,59
2018-11-17,15341.0,538,181,211,64,4,78
2018-11-18,11883.0,483,154,235,65,7,73
2018-11-19,12958.0,424,304,145,78,5,92
2018-11-20,13246.0,449,337,117,64,4,70
2018-11-21,13107.0,431,311,81,53,4,58
2018-11-22,13531.0,477,368,155,52,3,60
2018-11-23,14930.0,437,319,147,83,5,91
2018-11-24,15892.0,465,188,201,71,10,83
2018-11-25,13931.0,561,146,257,66,9,80
2018-11-26,13948.0,465,304,192,68,5,79
2018-11-27,13276.0,413,316,109,65,8,77
2018-11-28,13392.0,391,375,121,77,12,73
2018-11-29,13521.0,405,420,102,84,10,89
2018-11-30,15051.0,427,302,141,77,7,92
2018-12-01,15727.0,419,215,148,59,5,69
2018-12-02,13207.0,459,165,200,73,14,104
2018-12-03,14304.0,391,298,143,118,6,133
2018-12-04,13826.0,402,305,101,112,7,117
2018-12-05,14345.0,390,288,102,126,7,138
2018-12-06,13781.0,398,301,96,96,10,108
2018-12-07,15546.0,388,283,123,115,10,158
2018-12-08,15932.0,519,205,186,85,5,98
2018-12-09,12588.0,478,149,207,80,10,99
2018-12-10,14516.0,420,285,123,114,12,120
2018-12-11,14345.0,412,348,104,90,5,112
2018-12-12,14111.0,406,344,102,101,8,111
2018-12-13,14042.0,444,326,119,66,6,72
2018-12-14,15982.0,409,299,118,74,7,80
2018-12-15,16501.0,505,182,174,67,6,76
2018-12-16,13690.0,464,175,160,66,8,82
2018-12-17,14106.0,384,243,147,63,3,76
2018-12-18,14460.0,379,257,104,74,3,84
2018-12-19,14651.0,414,278,133,80,9,79
2018-12-20,15507.0,383,369,94,75,7,112
2018-12-21,17870.0,453,377,153,108,9,142
2018-12-22,18383.0,544,261,224,108,8,121
2018-12-23,15433.0,512,209,203,83,7,101
2018-12-24,11688.0,304,171,119,67,6,74
2018-12-25,10890.0,280,104,143,43,2,60
2018-12-26,11325.0,358,115,148,35,3,45
2018-12-27,15062.0,409,324,134,61,8,66
2018-12-28,15927.0,417,346,110,89,10,101
2018-12-29,15738.0,474,222,156,58,6,75
2018-12-30,13303.0,416,191,146,68,13,71
2018-12-31,14814.0,342,206,112,54,4,72
2019-01-01,18492.0,677,192,294,51,10,54
2019-01-02,13356.0,400,274,110,68,7,87
2019-01-03,13694.0,379,337,100,69,5,94
2019-01-04,14058.0,410,378,98,52,4,67
2019-01-05,13807.0,403,225,132,61,4,73
2019-01-06,10518.0,435,162,144,39,7,37
2019-01-07,13090.0,415,310,100,49,5,58
2019-01-08,13420.0,449,308,82,86,7,92
2019-01-09,13213.0,451,367,102,76,4,88
2019-01-10,13831.0,469,357,110,65,6,74
2019-01-11,14862.0,532,358,136,60,3,71
2019-01-12,15035.0,736,227,315,57,2,78
2019-01-13,11970.0,576,238,187,46,3,59
2019-01-14,15054.0,494,277,123,84,5,94
2019-01-15,13853.0,479,369,113,67,2,70
2019-01-16,14102.0,527,373,117,52,6,51
2019-01-17,14551.0,549,458,130,61,2,72
2019-01-18,15436.0,491,354,135,69,8,81
2019-01-19,15226.0,554,164,166,55,9,67
2019-01-20,11787.0,500,182,219,34,4,41
2019-01-21,13210.0,474,322,128,51,9,58
2019-01-22,13495.0,485,395,116,62,8,69
2019-01-23,12925.0,472,392,104,50,7,67
2019-01-24,13137.0,472,359,108,40,3,41
2019-01-25,15269.0,510,476,129,74,3,97
2019-01-26,14398.0,498,205,180,48,4,58
2019-01-27,12073.0,531,180,194,47,8,63
2019-01-28,13790.0,524,309,161,51,3,63
2019-01-29,13422.0,573,377,148,52,5,56
2019-01-30,13768.0,556,407,132,64,3,68
2019-01-31,14098.0,488,388,128,59,5,80
2019-02-01,15170.0,599,356,157,55,6,57
2019-02-02,15777.0,658,209,219,69,6,94
2019-02-03,12279.0,614,187,230,41,8,45
2019-02-04,13614.0,511,284,158,63,7,75
2019-02-05,13734.0,543,319,130,59,5,64
2019-02-06,13550.0,538,341,139,57,5,71
2019-02-07,13780.0,560,334,149,58,7,65
2019-02-08,16196.0,556,414,153,69,6,80
2019-02-09,16115.0,650,219,238,69,9,83
2019-02-10,12671.0,581,168,250,65,6,88
2019-02-11,13784.0,552,295,163,59,5,66
2019-02-12,14028.0,520,355,136,50,6,57
2019-02-13,13785.0,579,331,128,54,10,63
2019-02-14,14640.0,495,331,142,61,8,57
2019-02-15,16320.0,639,363,184,74,5,102
2019-02-16,16753.0,589,202,221,69,10,95
2019-02-17,13711.0,572,170,237,44,7,47
2019-02-18,15017.0,562,303,178,81,7,85
2019-02-19,14937.0,676,336,174,74,4,85
2019-02-20,14358.0,570,367,146,51,8,60
2019-02-21,14256.0,580,341,145,85,5,99
2019-02-22,9905.0,530,344,131,80,8,94
2019-02-23,15277.0,622,238,223,51,7,57
2019-02-24,13151.0,594,186,219,39,8,59
2019-02-25,14802.0,512,344,168,53,3,67
2019-02-26,14674.0,619,347,178,48,8,52
2019-02-27,15430.0,624,394,185,87,9,103
2019-03-01,15817.0,599,315,178,67,9,80
2019-03-02,15898.0,622,204,225,58,11,64
2019-03-03,12720.0,624,181,246,48,11,60
2019-03-04,15408.0,615,337,186,70,10,87
2019-03-05,14201.0,585,308,167,62,5,70
2019-03-06,14856.0,652,337,190,67,3,75
2019-03-07,15437.0,612,366,167,61,3,64
2019-03-08,17613.0,679,333,215,90,8,104
2019-03-09,17430.0,712,216,284,67,6,78
2019-03-10,13579.0,663,177,287,65,5,93
2019-03-11,16052.0,571,288,186,74,3,86
2019-03-12,14525.0,567,374,161,79,6,89
2019-03-13,14356.0,599,400,173,63,5,68
2019-03-14,14850.0,650,505,179,78,6,91
2019-03-15,16558.0,598,350,176,82,3,107
2019-03-16,16453.0,657,217,242,57,5,62
2019-03-17,14789.0,660,197,291,70,4,87
2019-03-18,14728.0,595,328,194,66,7,66
2019-03-19,14734.0,647,338,185,67,5,82
2019-03-20,15381.0,621,362,182,64,4,71
2019-03-21,15546.0,698,388,184,57,3,65
2019-03-22,17055.0,582,364,176,61,4,68
2019-03-23,18453.0,647,186,243,90,11,100
2019-03-24,14150.0,632,194,286,52,9,65
2019-03-25,14366.0,583,313,226,59,7,61
2019-03-26,14133.0,480,326,137,55,7,59
2019-03-27,14508.0,513,380,161,68,4,74
2019-03-28,15003.0,534,444,144,53,5,66
2019-03-28,15334.0,577,376,174,71,4,76
2019-03-29,16828.0,647,331,209,66,4,73
2019-03-30,18441.0,693,218,275,86,12,105
2019-03-31,14798.0,661,168,310,77,4,98
2019-04-01,15955.0,577,334,195,70,4,75
2019-04-02,15341.0,581,353,164,82,9,93
2019-04-03,15349.0,620,322,212,58,4,69
2019-04-04,15899.0,642,346,208,78,10,86
2019-04-05,18092.0,710,355,253,88,3,121
2019-04-06,18547.0,666,198,300,90,4,128
2019-04-07,15286.0,627,220,316,88,11,101
2019-04-08,16191.0,701,326,306,78,6,90
2019-04-09,15129.0,586,333,184,70,5,80
2019-04-10,14679.0,662,323,224,72,7,87
2019-04-11,14429.0,545,318,175,43,3,53
2019-04-12,15647.0,578,316,190,62,4,71
2019-04-13,16282.0,623,208,245,63,6,85
2019-04-14,14885.0,646,173,270,71,8,96
2019-04-15,16093.0,623,324,238,82,9,83
2019-04-16,15606.0,653,356,187,86,7,89
2019-04-17,16629.0,548,310,199,88,8,96
2019-04-18,18184.0,653,380,228,116,10,128
2019-04-19,19723.0,688,401,269,92,8,93
2019-04-20,18242.0,751,278,347,83,12,97
2019-04-21,13154.0,515,142,248,49,6,59
2019-04-22,13175.0,603,175,283,56,12,57
2019-04-23,16707.0,668,332,296,77,9,122
2019-04-24,15580.0,531,354,156,73,5,81
2019-04-25,17106.0,551,316,191,86,2,96
2019-04-26,19143.0,530,301,202,110,8,125
2019-04-27,18054.0,645,219,269,78,2,96
2019-04-28,13789.0,643,188,264,66,10,86
2019-04-29,15452.0,480,278,175,95,11,122
2019-04-30,17091.0,571,305,222,91,5,106
2019-05-01,14712.0,582,195,251,52,2,61
2019-05-02,15490.0,587,207,237,67,5,84
2019-05-03,12244.0,553,176,251,48,7,62
2019-05-04,14787.0,566,141,259,63,4,78
2019-05-05,11102.0,524,160,257,40,5,50
2019-05-06,14270.0,466,229,155,61,8,63
2019-05-07,15621.0,440,235,135,64,10,61
2019-05-08,16050.0,473,244,173,85,5,94
2019-05-09,14181.0,422,236,132,68,4,81
2019-05-10,17047.0,508,253,204,111,6,129
2019-05-11,18955.0,654,172,303,98,10,117
2019-05-12,14070.0,595,155,260,74,9,104
2019-05-13,15183.0,594,250,219,68,3,80
2019-05-14,14104.0,533,279,150,101,9,107
2019-05-15,14549.0,504,325,135,82,16,79
2019-05-16,15495.0,573,393,174,74,1,88
2019-05-17,18209.0,626,383,207,83,4,100
2019-05-18,19269.0,649,193,292,90,6,104
2019-05-19,16152.0,657,168,299,77,5,97
2019-05-20,16980.0,632,308,243,101,8,118
2019-05-21,16133.0,587,336,181,90,10,101
2019-05-22,15586.0,561,336,162,68,5,81
2019-05-23,15699.0,557,352,155,67,6,77
2019-05-24,18289.0,581,313,188,75,3,91
2019-05-25,19230.0,615,219,244,87,9,95
2019-05-26,17279.0,717,221,337,86,11,93
2019-05-27,16355.0,593,310,250,84,10,94
2019-05-28,15616.0,514,381,175,82,4,105
2019-05-29,15016.0,522,348,169,84,11,101
2019-05-30,15913.0,558,387,162,92,4,110
2019-05-31,18393.0,611,311,210,88,3,113
2019-06-01,19785.0,616,190,279,95,7,122
2019-06-02,17586.0,735,194,383,94,7,114
2019-06-03,17681.0,595,328,272,115,7,131
2019-06-04,17310.0,517,338,163,130,14,147
2019-06-05,17392.0,528,349,161,93,8,100
2019-06-06,17901.0,807,339,384,126,5,137
2019-06-07,19446.0,569,341,216,81,2,90
2019-06-08,21241.0,700,222,325,108,10,129
2019-06-09,18325.0,733,207,390,101,11,121
2019-06-10,18416.0,709,319,305,100,2,117
2019-06-11,18090.0,562,313,201,81,8,84
2019-06-12,17974.0,570,350,200,102,12,117
2019-06-13,17943.0,539,335,185,99,5,114
2019-06-14,20262.0,570,288,199,103,11,119
2019-06-15,22127.0,630,201,278,81,6,98
2019-06-16,18932.0,727,193,359,74,8,99
2019-06-17,18751.0,600,297,223,108,11,128
2019-06-18,18135.0,564,280,169,107,5,121
2019-06-19,19663.0,571,349,222,101,9,129
2019-06-20,17232.0,574,192,289,73,6,82
2019-06-21,19237.0,607,300,262,97,6,119
2019-06-22,19157.0,631,210,285,83,7,98
2019-06-23,16213.0,630,190,313,78,12,91
2019-06-24,16771.0,504,252,233,85,6,100
2019-06-25,17075.0,489,306,164,104,6,113
2019-06-26,17891.0,511,321,176,97,9,120
2019-06-27,16872.0,435,323,152,85,3,102
2019-06-28,18869.0,550,342,224,118,6,135
2019-06-29,20487.0,591,219,281,108,11,120
2019-06-30,18779.0,713,196,347,84,8,102
2019-07-01,18413.0,650,298,299,105,8,122
2019-07-02,17304.0,574,326,225,92,6,100
2019-07-03,16149.0,574,346,168,101,10,106
2019-07-04,15712.0,570,328,166,86,5,104
2019-07-05,16880.0,533,307,212,89,10,117
2019-07-06,18228.0,661,207,307,74,11,95
2019-07-07,15330.0,693,207,324,90,11,121
2019-07-08,15310.0,576,278,215,79,3,92
2019-07-09,15092.0,561,350,178,81,3,104
2019-07-10,15102.0,539,348,193,78,7,106
2019-07-11,16163.0,598,349,207,83,8,102
2019-07-12,17713.0,656,360,273,86,9,104
2019-07-13,17893.0,688,245,335,96,6,116
2019-07-14,15702.0,742,171,362,83,8,108
2019-07-15,16572.0,609,313,259,100,7,123
2019-07-16,15502.0,583,323,218,67,1,76
2019-07-17,15560.0,605,389,222,83,6,92
2019-07-18,16062.0,584,321,202,101,5,119
2019-07-19,17745.0,590,308,223,115,10,138
2019-07-20,20610.0,731,233,307,83,3,105
2019-07-21,17611.0,749,210,378,83,9,111
2019-07-22,17448.0,653,322,281,85,7,94
2019-07-23,17098.0,610,332,189,87,11,113
2019-07-24,17255.0,590,355,210,77,7,83
2019-07-25,17982.0,607,335,243,100,6,115
2019-07-26,19386.0,590,269,217,111,11,123
2019-07-27,20380.0,655,185,292,101,15,106
2019-07-28,18802.0,721,185,345,73,9,79
2019-07-29,18414.0,544,281,227,108,9,129
2019-07-30,18073.0,571,340,175,91,5,104
2019-07-31,18058.0,595,309,222,88,8,91
2019-08-01,17233.0,539,344,175,88,5,108
2019-08-02,18467.0,591,299,191,83,4,98
2019-08-03,19349.0,650,222,275,91,7,106
2019-08-04,16425.0,666,188,308,108,7,141
2019-08-05,16571.0,598,289,217,102,7,126
2019-08-06,16870.0,563,293,183,70,3,105
2019-08-07,16617.0,544,330,188,86,4,102
2019-08-08,17007.0,593,361,218,86,7,97
2019-08-09,18984.0,600,284,206,91,5,104
2019-08-10,20883.0,711,187,343,96,6,115
2019-08-11,18588.0,752,188,380,97,10,145
2019-08-12,17836.0,677,312,269,95,9,111
2019-08-13,17267.0,588,311,194,89,9,99
2019-08-14,18131.0,554,328,208,98,6,111
2019-08-15,15180.0,636,174,309,84,8,97
2019-08-16,17734.0,595,260,242,70,3,96
2019-08-17,17657.0,632,201,284,85,3,100
2019-08-18,16245.0,651,179,338,84,11,101
2019-08-19,16903.0,602,279,236,101,10,124
2019-08-20,16791.0,534,306,193,63,6,66
2019-08-21,15933.0,532,290,168,92,4,100
2019-08-22,16207.0,571,326,188,72,9,78
2019-08-23,18272.0,549,341,217,86,3,93
2019-08-24,19986.0,613,194,296,106,7,138
2019-08-25,18034.0,659,174,333,97,5,120
2019-08-26,17296.0,600,268,224,97,10,108
2019-08-27,17385.0,592,321,212,95,5,108
2019-08-28,17867.0,621,292,227,102,9,111
2019-08-29,18036.0,567,424,209,102,8,133
2019-08-30,19689.0,571,360,219,99,4,101
2019-08-31,21445.0,628,184,289,107,12,127
2019-09-01,19689.0,689,177,373,84,14,114
2019-09-02,16432.0,455,268,181,107,9,161
2019-09-03,15236.0,496,310,165,98,3,118
2019-09-04,15298.0,498,287,157,83,6,103
2019-09-05,15703.0,548,311,160,91,4,102
2019-09-06,17068.0,512,334,196,98,9,104
2019-09-07,17250.0,539,186,225,111,8,153
2019-09-08,13826.0,569,191,266,73,7,100
2019-09-09,14954.0,517,275,183,86,10,116
2019-09-10,11822.0,472,335,162,112,7,131
2019-09-11,15656.0,559,324,193,106,2,122
2019-09-12,16198.0,702,370,231,93,5,108
2019-09-13,17307.0,575,371,219,100,5,112
2019-09-14,17490.0,646,171,336,109,8,137
2019-09-15,12749.0,600,149,321,72,6,90
2019-09-16,15046.0,532,353,213,75,7,81
2019-09-17,13725.0,448,360,147,95,3,104
2019-09-18,13469.0,473,317,156,85,2,99
2019-09-19,13662.0,511,324,168,88,1,100
2019-09-20,15528.0,537,314,177,80,5,95
2019-09-21,16549.0,585,203,260,71,9,77
2019-09-22,14635.0,615,193,312,90,11,100
2019-09-23,14865.0,670,327,285,77,3,84
2019-09-24,14620.0,617,319,199,80,6,93
2019-09-25,14709.0,508,322,164,92,6,108
2019-09-26,15231.0,528,406,180,100,8,135
2019-09-27,16603.0,556,367,202,108,10,118
2019-09-28,17442.0,626,206,271,96,15,112
2019-09-29,14831.0,619,188,306,96,12,117
2019-10-01,15193.0,538,329,179,90,7,120
2019-10-02,15466.0,547,389,186,96,10,101
2019-10-03,14822.0,571,350,186,97,7,112
2019-10-04,16274.0,549,285,195,82,6,88
2019-10-05,15659.0,561,190,236,92,12,99
2019-10-06,12502.0,533,157,252,79,11,102
2019-10-07,14340.0,514,278,206,86,7,106
2019-10-08,13716.0,596,301,158,77,10,87
2019-10-09,14741.0,570,341,173,97,5,112
2019-10-10,15177.0,551,361,173,90,7,101
2019-10-11,16763.0,553,313,214,94,5,101
2019-10-12,18680.0,686,214,330,108,8,126
2019-10-13,17205.0,847,260,415,90,9,106
2019-10-14,16866.0,584,265,256,113,7,131
2019-10-15,16070.0,609,328,194,87,9,93
2019-10-16,15949.0,576,324,215,109,6,124
2019-10-17,16120.0,592,411,200,133,7,149
2019-10-18,17769.0,836,325,205,81,7,94
2019-10-19,18270.0,619,183,266,115,5,131
2019-10-20,14871.0,621,196,309,80,7,94
2019-10-21,16373.0,667,328,261,86,7,91
2019-10-22,15472.0,534,355,208,103,6,112
2019-10-23,15540.0,614,373,184,85,6,98
2019-10-24,15812.0,569,370,174,98,13,109
2019-10-25,17513.0,607,370,210,89,7,88
2019-10-26,18034.0,622,211,286,88,13,105
2019-10-27,15525.0,653,174,300,104,14,125
2019-10-28,14481.0,536,311,180,106,6,128
2019-10-29,14374.0,500,292,149,80,4,92
2019-10-30,16187.0,471,308,185,135,12,168
2019-10-30,14729.0,463,420,139,71,6,90
2019-10-31,17173.0,475,396,150,75,4,92
2019-11-01,12858.0,508,211,213,66,5,93
2019-11-02,14515.0,615,205,232,59,7,74
2019-11-03,13004.0,709,191,332,68,9,87
2019-11-04,14846.0,422,306,136,117,8,125
2019-11-05,14728.0,478,327,146,91,2,104
2019-11-06,14462.0,568,301,166,94,9,104
2019-11-07,15088.0,548,321,143,67,5,73
2019-11-08,16731.0,509,296,187,66,4,69
2019-11-09,17640.0,631,186,278,79,3,94
2019-11-10,13895.0,631,148,311,51,5,64
2019-11-11,11665.0,1045,147,217,39,0,47
2019-11-12,14626.0,423,276,134,82,5,89
2019-11-13,14283.0,458,267,130,93,6,95
2019-11-14,14667.0,532,353,180,78,4,96
2019-11-15,16217.0,486,316,157,67,6,74
2019-11-16,17214.0,565,199,235,66,5,78
2019-11-17,14195.0,611,173,266,50,6,59
2019-11-18,14570.0,503,285,173,97,4,109
2019-11-19,14450.0,463,301,153,86,5,94
2019-11-20,14760.0,547,344,160,71,6,76
2019-11-21,14354.0,501,293,138,96,7,101
2019-11-22,15456.0,444,330,141,76,10,82
2019-11-23,15274.0,528,189,200,67,9,86
2019-11-24,13001.0,537,172,233,42,1,57
2019-11-25,14206.0,516,272,182,75,11,87
2019-11-26,13655.0,450,314,137,69,9,68
2019-11-27,14370.0,461,346,147,76,8,80
2019-11-28,14775.0,457,374,143,79,8,82
2019-11-29,16379.0,460,307,162,105,6,115
2019-11-30,16425.0,583,177,257,80,5,88
2019-12-01,13336.0,631,177,292,46,5,61
2019-12-02,14307.0,562,269,203,74,11,82
2019-12-03,14408.0,499,316,135,101,14,119
2019-12-04,14049.0,472,358,125,65,3,75
2019-12-05,14330.0,467,352,117,82,3,87
2019-12-06,15532.0,426,286,148,93,4,104
2019-12-07,15902.0,501,189,194,95,12,100
2019-12-08,12532.0,559,171,234,59,7,68
2019-12-09,15081.0,762,322,346,85,9,88
2019-12-10,14736.0,491,352,147,84,6,87
2019-12-11,14463.0,457,315,126,82,3,94
2019-12-12,14732.0,477,331,153,95,8,107
2019-12-13,16524.0,453,318,131,88,3,99
2019-12-14,16658.0,598,202,189,111,13,128
2019-12-15,13978.0,569,194,234,68,14,81
2019-12-16,15421.0,482,289,153,143,9,165
2019-12-17,15396.0,497,342,134,87,4,100
2019-12-18,15713.0,426,306,123,97,7,107
2019-12-19,16228.0,490,306,158,109,6,124
2019-12-20,18837.0,550,280,169,105,7,115
2019-12-21,19185.0,555,195,220,100,11,118
2019-12-22,15600.0,534,201,207,74,2,86
2019-12-23,17373.0,450,355,166,128,10,152
2019-12-24,12015.0,361,210,170,95,8,118
2019-12-25,11910.0,371,134,175,36,3,43
2019-12-26,11343.0,337,126,161,56,9,72
2019-12-27,15297.0,438,298,150,66,9,83
2019-12-28,13601.0,425,183,141,32,5,31
2019-12-29,12406.0,453,188,161,37,3,47
2019-12-30,15104.0,388,325,121,48,5,54
2019-12-31,14554.0,334,189,96,39,6,41
2020-01-01,19145.0,734,188,332,42,1,46
2020-01-02,14654.0,513,333,166,60,5,67
2020-01-03,15507.0,468,405,122,62,3,69
2020-01-04,14528.0,435,176,135,59,4,64
2020-01-05,11948.0,457,185,146,44,4,54
2020-01-06,10447.0,396,164,119,24,0,27
2020-01-07,15091.0,495,311,110,69,4,80
2020-01-08,14078.0,475,341,98,70,4,74
2020-01-09,14552.0,520,386,116,82,5,103
2020-01-10,16023.0,550,364,136,98,5,107
2020-01-11,16192.0,636,218,222,45,6,47
2020-01-12,12853.0,584,235,212,40,0,52
2020-01-13,14512.0,572,342,156,56,4,68
2020-01-14,14591.0,566,388,135,65,9,68
2020-01-15,14500.0,584,397,138,70,3,78
2020-01-16,14981.0,623,402,152,78,7,84
2020-01-17,15732.0,559,388,156,85,11,96
2020-01-18,15126.0,642,219,208,68,12,72
2020-01-19,12159.0,614,191,233,50,5,59
2020-01-20,14002.0,558,371,159,61,10,71
2020-01-21,14056.0,539,386,116,56,5,64
2020-01-22,13701.0,488,403,102,65,8,74
2020-01-23,14368.0,571,401,134,57,0,71
2020-01-24,15552.0,572,379,132,74,7,85
2020-01-25,14783.0,625,236,210,70,9,82
2020-01-26,12607.0,574,190,200,33,5,36
2020-01-27,14250.0,518,319,129,65,4,78
2020-01-28,13930.0,600,389,141,61,4,65
2020-01-29,13690.0,531,376,110,69,5,73
2020-01-30,13695.0,487,415,120,71,4,80
2020-01-31,15133.0,564,394,146,85,11,91
2020-02-01,16177.0,674,220,225,91,15,94
2020-02-02,12571.0,616,220,235,56,7,68
2020-02-03,14162.0,607,321,191,90,6,98
2020-02-04,13902.0,545,360,136,77,10,78
2020-02-05,13716.0,514,345,119,54,6,61
2020-02-06,13821.0,617,402,161,58,2,75
2020-02-07,15652.0,550,371,159,73,4,86
2020-02-08,15983.0,574,228,203,58,5,80
2020-02-09,12538.0,605,211,199,46,3,54
2020-02-10,14958.0,555,328,162,74,6,77
2020-02-11,14452.0,587,394,122,70,2,80
2020-02-12,14205.0,614,391,151,51,6,57
2020-02-13,14379.0,594,344,148,71,3,81
2020-02-14,15959.0,613,330,156,66,5,75
2020-02-15,16168.0,630,211,233,58,8,78
2020-02-16,12678.0,660,196,196,52,8,63
2020-02-17,14746.0,641,332,233,46,3,46
2020-02-18,14388.0,547,375,136,62,3,68
2020-02-19,14534.0,671,374,155,59,4,61
2020-02-20,14495.0,616,400,156,59,3,64
2020-02-21,15141.0,585,350,179,64,3,73
2020-02-22,15213.0,601,192,224,66,6,72
2020-02-23,12426.0,558,184,221,54,8,69
2020-02-24,14670.0,526,341,171,51,7,55
2020-02-25,14563.0,557,338,145,66,8,77
2020-02-26,14207.0,608,376,168,66,6,74
2020-02-27,14716.0,510,383,122,55,3,62
2020-02-28,15830.0,574,358,133,69,4,87
2020-02-29,15527.0,643,227,204,50,6,61
2020-03-01,12221.0,583,186,208,51,3,64
2020-03-02,14533.0,612,338,166,68,5,73
2020-03-03,14370.0,514,404,149,69,1,88
2020-03-04,14200.0,564,384,134,63,6,69
2020-03-05,14677.0,604,384,145,57,3,71
2020-03-06,16041.0,603,369,159,75,8,85
2020-03-07,16197.0,573,204,197,65,13,81
2020-03-08,13482.0,610,202,244,61,10,72
2020-03-09,14899.0,557,348,182,66,5,71
2020-03-10,14972.0,585,331,159,69,3,77
2020-03-11,15429.0,532,319,137,78,5,86
2020-03-12,15685.0,547,330,128,59,6,63
2020-03-13,14867.0,445,276,128,56,7,57
2020-03-14,15604.0,414,137,166,43,10,52
2020-03-15,11723.0,369,120,175,35,1,47
2020-03-16,12766.0,309,162,122,37,3,45
2020-03-17,13201.0,355,180,111,37,3,44
2020-03-18,13424.0,351,169,109,45,1,53
2020-03-19,13651.0,387,162,136,40,5,40
2020-03-20,14602.0,368,166,129,29,6,32
2020-03-21,13287.0,341,104,150,19,7,19
2020-03-22,14602.0,368,166,129,29,6,32
2020-03-23,11097.0,263,112,95,27,5,25
2020-03-24,11958.0,296,133,96,36,4,35
2020-03-25,12318.0,254,120,79,30,6,27
2020-03-26,12690.0,275,124,93,25,4,23
2020-03-27,14679.0,291,123,96,26,1,31
2020-03-28,18741.0,338,106,149,33,4,38
2020-03-29,9992.0,326,88,167,30,9,27
2020-03-30,11137.0,264,86,96,34,2,36
2020-03-31,11688.0,255,126,106,31,3,30
2020-04-01,13228.0,301,139,104,17,2,27
2020-04-02,13966.0,296,151,94,29,2,32
2020-04-03,15926.0,285,153,114,24,3,20
2020-04-04,18900.0,383,151,145,30,4,33
2020-04-05,17646.0,416,152,189,26,4,33
2020-04-06,17437.0,332,163,117,40,4,49
2020-04-07,17869.0,359,164,117,31,4,31
2020-04-08,18834.0,348,186,130,39,3,41
2020-04-09,18273.0,391,189,133,42,2,43
2020-04-10,19801.0,434,175,178,40,7,42
2020-04-11,18796.0,471,141,212,39,6,40
2020-04-12,14774.0,383,90,180,14,2,15
2020-04-13,10579.0,358,110,150,25,2,31
2020-04-14,12768.0,350,148,116,21,3,19
2020-04-15,13327.0,363,195,107,27,3,31
2020-04-16,16138.0,420,222,142,33,4,35
2020-04-17,17399.0,397,201,126,32,4,37
2020-04-18,18132.0,421,147,178,32,4,31
2020-04-19,13396.0,493,111,222,31,7,31
2020-04-20,15613.0,394,160,153,40,13,41
2020-04-21,15190.0,419,176,146,47,4,46
2020-04-22,15465.0,439,229,135,37,0,43
2020-04-23,16298.0,484,228,152,48,3,55
2020-04-24,17758.0,456,238,155,58,8,58
2020-04-25,16070.0,481,153,216,47,6,59
2020-04-26,13759.0,467,141,205,40,8,49
2020-04-27,15889.0,508,205,164,62,4,71
2020-04-28,16669.0,487,258,160,52,3,63
2020-04-29,14973.0,515,248,146,59,6,82
2020-04-30,17544.0,457,181,151,64,7,74
2020-05-01,15347.0,545,128,239,45,8,52
2020-05-02,16245.0,563,125,236,39,6,41
2020-05-03,12560.0,546,160,260,37,2,43
2020-05-04,14692.0,395,179,150,42,9,44
2020-05-05,14026.0,471,225,134,53,6,69
2020-05-06,13591.0,506,222,126,45,3,50
2020-05-07,15006.0,510,263,136,35,9,38
2020-05-08,17847.0,519,248,155,61,6,68
2020-05-09,19989.0,604,193,244,85,2,95
2020-05-10,16592.0,673,164,330,65,8,67
2020-05-11,15798.0,532,230,178,70,6,82
2020-05-12,14783.0,544,274,158,36,1,52
2020-05-13,15075.0,546,272,149,36,2,39
2020-05-14,15485.0,608,304,174,38,1,45
2020-05-15,17037.0,554,262,160,56,6,56
2020-05-16,17644.0,655,168,245,62,2,69
2020-05-17,14699.0,753,151,275,48,5,55
2020-05-18,15533.0,597,205,197,63,7,69
2020-05-19,16004.0,586,261,157,45,1,47
2020-05-20,16396.0,577,299,189,54,5,54
2020-05-21,16706.0,640,306,201,72,6,71
2020-05-22,17807.0,622,269,188,72,2,82
2020-05-23,16946.0,625,180,242,50,5,57
2020-05-24,13749.0,630,166,284,50,10,66
2020-05-25,15489.0,546,250,178,57,6,71
2020-05-26,15783.0,562,281,144,48,3,54
2020-05-27,16226.0,596,311,186,60,6,65
2020-05-28,15747.0,634,307,203,67,8,76
2020-05-29,17340.0,562,257,176,69,7,69
2020-05-30,16266.0,680,193,305,52,4,57
2020-05-31,13336.0,608,157,291,54,5,69
2020-06-01,16440.0,572,264,186,80,5,86
2020-06-02,15732.0,690,315,220,79,6,107
2020-06-03,15662.0,625,327,202,69,6,68
2020-06-04,16208.0,664,326,217,72,3,72
2020-06-05,16926.0,623,303,199,76,5,95
2020-06-06,18496.0,672,180,257,87,9,93
2020-06-07,15479.0,739,149,378,65,3,75
2020-06-08,15920.0,873,264,228,50,2,60
2020-06-09,17497.0,577,298,199,68,2,85
2020-06-10,19060.0,638,329,225,63,3,69
2020-06-11,16098.0,685,236,323,64,4,73
2020-06-12,19351.0,688,281,292,69,5,76
2020-06-13,19886.0,750,193,350,75,6,88
2020-06-14,16297.0,655,161,296,65,6,89
2020-06-15,17010.0,590,233,227,100,10,100
2020-06-16,16740.0,604,309,211,84,5,88
2020-06-17,17088.0,627,308,216,62,2,71
2020-06-18,17009.0,644,273,212,74,5,78
2020-06-19,18362.0,611,313,203,102,9,122
2020-06-20,18990.0,624,188,254,60,5,78
2020-06-21,15935.0,702,168,322,55,9,65
2020-06-22,16117.0,579,257,220,72,6,88
2020-06-23,16356.0,600,278,204,77,7,94
2020-06-24,15688.0,607,253,216,71,2,78
2020-06-25,17753.0,639,292,228,81,6,107
2020-06-26,18342.0,552,258,224,93,4,109
2020-06-27,21101.0,710,200,344,60,4,67
2020-06-28,20523.0,838,186,416,65,7,79
2020-06-29,17348.0,621,260,254,89,9,105
2020-06-30,16787.0,544,229,188,71,5,72
2020-07-01,17948.0,592,264,228,89,7,91
2020-07-02,17963.0,676,288,234,91,4,125
2020-07-03,19515.0,679,303,275,78,6,85
2020-07-04,21076.0,776,206,340,102,5,105
2020-07-05,18268.0,730,152,360,88,12,88
2020-07-06,16945.0,619,266,225,97,9,121
2020-07-07,16436.0,659,285,187,68,2,75
2020-07-08,15635.0,626,275,227,56,0,72
2020-07-09,16143.0,588,266,200,84,9,92
2020-07-10,18898.0,584,261,245,83,13,95
2020-07-11,19090.0,728,221,339,76,6,91
2020-07-12,17183.0,833,204,358,70,1,86
2020-07-13,16070.0,672,247,250,59,3,67
2020-07-14,16681.0,641,263,247,76,5,78
2020-07-15,17072.0,721,315,265,90,9,99
2020-07-16,16367.0,605,289,215,76,5,96
2020-07-17,18179.0,626,276,247,64,3,72
2020-07-18,20094.0,641,190,281,78,7,89
2020-07-19,18014.0,685,187,322,71,8,94
2020-07-20,17359.0,623,284,242,83,8,89
2020-07-21,17084.0,635,285,216,80,5,93
2020-07-22,16712.0,676,353,209,89,8,95
2020-07-23,16483.0,622,344,214,79,6,82
2020-07-24,18462.0,550,241,207,73,3,89
2020-07-25,20284.0,682,163,313,94,12,112
2020-07-26,17040.0,736,154,346,88,8,110
2020-07-27,17574.0,586,228,240,91,5,105
2020-07-28,17990.0,634,288,219,98,6,117
2020-07-29,17911.0,612,334,209,73,6,79
2020-07-30,17314.0,625,279,234,75,3,88
2020-07-31,18887.0,572,274,199,82,8,90
2020-08-01,20322.0,630,157,288,83,2,91
2020-08-02,17041.0,737,153,356,80,5,91
2020-08-03,17171.0,517,258,228,96,4,139
2020-08-04,16636.0,572,274,189,73,4,90
2020-08-05,17677.0,603,277,177,73,4,85
2020-08-06,18070.0,596,284,221,85,8,101
2020-08-07,20243.0,599,271,217,89,6,105
2020-08-08,22451.0,736,162,322,85,4,101
2020-08-09,19914.0,718,171,367,67,4,93
2020-08-10,19518.0,670,260,269,89,4,101
2020-08-11,19856.0,604,285,231,76,5,85
2020-08-12,19079.0,652,300,220,102,10,105
2020-08-13,19201.0,590,269,198,85,6,94
2020-08-14,21249.0,510,273,185,95,6,113
2020-08-15,20265.0,641,175,306,74,6,105
2020-08-16,18169.0,618,175,307,95,8,132
2020-08-17,18331.0,511,232,187,75,6,89
2020-08-18,17534.0,564,289,203,65,5,75
2020-08-19,17722.0,520,252,183,59,6,66
2020-08-20,19160.0,624,293,232,80,7,92
2020-08-21,21338.0,590,261,204,91,11,88
2020-08-22,22411.0,658,187,305,84,5,105
2020-08-23,17883.0,675,169,514,76,15,111
2020-08-24,18863.0,526,252,201,72,4,81
2020-08-25,18583.0,543,285,182,86,7,102
2020-08-26,18102.0,519,293,162,69,5,82
2020-08-27,17214.0,487,290,140,53,4,57
2020-08-28,19658.0,533,326,191,105,11,117
2020-08-29,20190.0,703,196,311,82,4,92
2020-08-30,17370.0,668,163,304,61,11,68
2020-08-31,17601.0,507,245,198,101,17,117
2020-09-01,17653.0,508,286,154,92,4,114
2020-09-02,17063.0,548,340,166,69,6,78
2020-09-03,17538.0,593,305,186,87,7,93
2020-09-04,18995.0,561,302,175,75,10,89
2020-09-05,19557.0,694,211,294,83,9,82
2020-09-06,15748.0,661,171,322,68,6,83
2020-09-07,16846.0,510,299,174,79,6,93
2020-09-08,16664.0,547,310,188,73,3,83
2020-09-09,17387.0,607,310,198,71,3,78
2020-09-10,17753.0,600,481,217,92,13,99
2020-09-11,18954.0,633,325,203,96,3,109
2020-09-12,19671.0,669,201,310,95,5,103
2020-09-13,16523.0,747,192,339,77,14,82
2020-09-14,18288.0,563,262,219,80,2,85
2020-09-15,18348.0,625,353,226,84,3,95
2020-09-16,18401.0,659,320,216,92,7,93
2020-09-17,17174.0,646,358,212,82,10,80
2020-09-18,18507.0,532,288,151,83,3,94
2020-09-19,18138.0,615,173,273,79,8,99
2020-09-20,14793.0,669,151,309,74,11,74
2020-09-21,17269.0,587,297,208,98,3,105
2020-09-22,17578.0,659,320,238,85,9,96
2020-09-23,17976.0,645,364,209,90,5,93
2020-09-24,18530.0,608,414,200,80,4,95
2020-09-25,20146.0,575,299,173,110,5,125
2020-09-26,18592.0,634,167,266,100,6,124
2020-09-27,14352.0,568,184,272,60,4,78
2020-09-28,17036.0,510,313,186,78,5,91
2020-09-29,17272.0,552,386,167,65,6,68
2020-09-30,15775.0,496,274,149,63,4,72
2020-10-01,17557.0,563,327,163,73,5,79
2020-10-02,19696.0,561,292,177,86,5,96
2020-10-03,19910.0,655,183,284,65,4,81
2020-10-04,16282.0,663,150,307,70,8,76
2020-10-05,17680.0,499,287,181,69,7,78
2020-10-06,18014.0,598,323,201,83,12,85
2020-10-07,17947.0,583,330,189,77,5,78
2020-10-08,18177.0,557,321,183,62,11,67
2020-10-09,20638.0,526,282,172,59,7,66
2020-10-10,25279.0,626,215,265,72,14,86
2020-10-11,21831.0,626,188,287,54,8,63
2020-10-12,20151.0,446,252,140,83,6,86
2020-10-13,20047.0,422,287,127,80,8,80
2020-10-14,19853.0,421,275,112,83,7,95
2020-10-15,21044.0,525,388,159,64,10,67
2020-10-16,22023.0,495,281,150,58,7,67
2020-10-17,21121.0,531,176,213,60,10,73
2020-10-18,16829.0,533,151,255,55,11,65
2020-10-19,19102.0,450,238,162,68,12,76
2020-10-20,18951.0,472,332,128,58,2,65
2020-10-21,19453.0,451,294,141,63,7,70
2020-10-22,19867.0,460,347,149,81,6,91
2020-10-23,21532.0,481,257,184,51,5,55
2020-10-24,21067.0,610,174,214,60,11,64
2020-10-25,17128.0,639,132,220,60,12,79
2020-10-26,17482.0,395,186,141,56,9,55
2020-10-27,17443.0,404,238,111,42,7,39
2020-10-28,23711.0,353,200,122,62,10,59
2020-10-29,21685.0,376,209,142,56,4,69
2020-10-30,17194.0,357,205,147,76,9,83
2020-10-31,18747.0,539,159,240,69,11,70
2020-11-01,15399.0,581,197,287,28,3,28
2020-11-02,15402.0,382,247,140,62,6,69
2020-11-03,15941.0,411,238,132,51,7,52
2020-11-04,15752.0,402,256,112,50,2,54
2020-11-05,15513.0,416,234,142,47,5,49
2020-11-06,17026.0,417,260,123,69,10,73
2020-11-07,17728.0,470,176,200,46,8,46
2020-11-08,14503.0,481,145,240,31,2,34
2020-11-09,15167.0,452,255,156,37,8,29
2020-11-10,16309.0,427,228,126,40,10,34
2020-11-11,13831.0,576,183,214,25,5,28
2020-11-12,15297.0,444,223,138,45,10,45
2020-11-13,17116.0,462,258,137,55,6,52
2020-11-14,17384.0,515,199,216,51,5,61
2020-11-15,14745.0,519,185,230,51,10,52
2020-11-16,15958.0,422,213,141,57,3,68
2020-11-17,16049.0,459,309,138,44,6,45
2020-11-18,16003.0,467,291,146,55,9,56
2020-11-19,16133.0,476,314,154,67,8,80
2020-11-20,17791.0,469,301,147,69,7,82
2020-11-21,16563.0,512,181,229,38,7,47
2020-11-22,13451.0,496,174,239,61,4,45
2020-11-23,15201.0,361,264,123,44,7,44
2020-11-24,16420.0,495,335,158,52,7,50
2020-11-25,16299.0,505,317,142,52,6,51
2020-11-26,16010.0,460,339,153,40,6,37
2020-11-27,17222.0,447,312,118,63,10,59
2020-11-28,16974.0,529,202,207,55,7,65
2020-11-29,13793.0,500,183,234,34,6,42
2020-11-30,15710.0,447,232,142,68,7,66
2020-12-01,16066.0,453,345,129,51,6,57
2020-12-02,17231.0,469,335,126,50,12,49
2020-12-03,18086.0,487,305,120,52,6,56
2020-12-04,18828.0,463,368,144,63,4,69
2020-12-05,19652.0,546,210,196,61,3,69
2020-12-06,16767.0,558,214,241,41,6,51
2020-12-07,17336.0,488,299,153,55,2,69
2020-12-08,16934.0,472,362,144,63,8,73
2020-12-09,17302.0,455,307,132,42,2,42
2020-12-10,18474.0,483,326,135,64,6,70
2020-12-11,19317.0,494,367,127,61,5,63
2020-12-12,18874.0,552,211,192,50,4,51
2020-12-13,15674.0,537,207,229,43,1,53
2020-12-14,17799.0,503,302,157,66,8,73
2020-12-15,18457.0,505,391,130,59,7,63
2020-12-16,18567.0,551,382,146,49,3,60
2020-12-17,18507.0,513,346,146,68,4,83
2020-12-18,20576.0,531,333,179,78,5,84
2020-12-19,19941.0,588,194,219,69,9,82
2020-12-20,16616.0,527,208,206,37,5,46
2020-12-21,18124.0,452,279,155,65,7,61
2020-12-22,18574.0,502,327,151,100,5,107
2020-12-23,20049.0,525,315,159,91,10,99
2020-12-24,13899.0,424,214,165,41,9,40
2020-12-25,13244.0,319,105,152,31,9,35
2020-12-26,12369.0,386,118,176,22,8,28
2020-12-27,12583.0,361,141,111,28,7,33
2020-12-28,17530.0,418,325,107,49,4,69
2020-12-29,18046.0,470,339,123,58,5,62
2020-12-30,19211.0,491,302,140,48,2,53
2020-12-31,18000.0,454,179,158,50,3,68
2021-01-01,18747.0,717,177,321,21,5,23
2021-01-02,15137.0,433,164,145,28,3,27
2021-01-03,12974.0,423,156,155,24,5,34
2021-01-04,16401.0,412,262,112,43,2,52
2021-01-05,16641.0,418,335,124,53,5,59
2021-01-06,12991.0,429,194,124,31,8,31
2021-01-07,16262.0,466,278,130,54,7,59
2021-01-08,17514.0,503,315,132,51,3,61
2021-01-09,17351.0,582,212,179,35,5,40
2021-01-10,13513.0,472,174,171,27,6,28
2021-01-11,16262.0,498,296,119,45,5,47
2021-01-12,16392.0,491,359,135,50,9,50
2021-01-13,17232.0,450,337,106,47,4,52
2021-01-14,16669.0,458,339,109,46,5,49
2021-01-15,17641.0,492,361,127,37,2,38
2021-01-16,17173.0,469,209,136,33,5,44
2021-01-17,13376.0,387,203,154,16,1,25
2021-01-18,15443.0,352,316,99,33,1,39
2021-01-19,16470.0,503,408,102,33,4,37
2021-01-20,17274.0,503,432,115,30,4,29
2021-01-21,17649.0,530,411,128,39,4,51
2021-01-22,18649.0,571,383,163,30,6,29
2021-01-23,18057.0,594,241,207,45,3,54
2021-01-24,14313.0,564,220,232,23,2,31
2021-01-25,17485.0,510,377,130,65,8,70
2021-01-26,16733.0,545,433,121,50,4,55
2021-01-27,16781.0,547,429,120,36,4,52
2021-01-28,16318.0,475,358,107,42,5,47
2021-01-29,17609.0,476,351,113,44,4,45
2021-01-30,17535.0,481,225,144,40,5,49
2021-01-31,15308.0,532,216,185,27,1,32
2021-02-01,16515.0,487,329,119,34,3,37
2021-02-02,16985.0,535,449,119,33,3,36
2021-02-03,17245.0,551,408,115,27,4,35
2021-02-04,17495.0,502,400,125,40,2,45
2021-02-05,18493.0,550,376,129,40,2,44
2021-02-06,17535.0,704,239,192,32,2,40
2021-02-07,12770.0,463,158,161,22,2,23
2021-02-08,16403.0,375,323,93,30,2,38
2021-02-09,16651.0,515,387,103,22,1,28
2021-02-10,17278.0,524,393,114,27,3,31
2021-02-11,16997.0,531,411,118,43,2,48
2021-02-12,17816.0,501,391,134,41,3,47
2021-02-13,17419.0,535,211,164,25,0,30
2021-02-14,14074.0,488,164,188,24,2,30
2021-02-15,16616.0,508,336,157,29,0,34
2021-02-16,17243.0,528,418,134,35,5,35
2021-02-17,17467.0,548,395,125,45,2,54
2021-02-18,17754.0,558,368,141,33,5,37
2021-02-19,18269.0,565,344,134,41,4,49
2021-02-20,19341.0,577,232,201,44,8,44
2021-02-21,15329.0,554,174,235,42,4,54
2021-02-22,17705.0,550,338,142,52,3,60
2021-02-23,17946.0,593,387,148,40,3,48
2021-02-24,18791.0,570,416,139,46,3,54
2021-02-25,19067.0,576,385,150,57,7,61
2021-02-26,19671.0,636,342,185,33,2,33
2021-02-27,18621.0,614,301,208,34,4,34
2021-02-28,15003.0,574,263,218,27,8,34
2021-03-01,17252.0,540,396,177,27,2,27
2021-03-02,17986.0,620,384,163,56,2,77
2021-03-03,18798.0,632,405,165,57,5,61
2021-03-04,17618.0,623,402,146,43,5,46
2021-03-05,18469.0,599,357,147,61,7,59
2021-03-06,17905.0,621,230,219,38,12,68
2021-03-07,13706.0,509,173,217,20,3,26
2021-03-08,16663.0,502,281,165,46,2,49
2021-03-09,17287.0,586,352,144,33,0,37
2021-03-10,18040.0,606,380,162,45,3,51
2021-03-11,17238.0,609,396,158,45,5,47
2021-03-12,19107.0,626,358,171,50,4,63
2021-03-13,18899.0,660,218,237,46,8,51
2021-03-14,15030.0,607,192,242,37,3,39
2021-03-15,17629.0,625,319,183,47,4,60
2021-03-16,17705.0,589,392,145,42,5,51
2021-03-17,17663.0,636,362,153,36,4,37
2021-03-18,17788.0,611,357,188,39,4,39
2021-03-19,19373.0,578,300,163,53,9,68
2021-03-20,19259.0,598,210,200,41,4,42
2021-03-21,14825.0,518,193,202,25,3,30
2021-03-22,18199.0,509,333,164,43,1,58
2021-03-23,18587.0,546,323,152,27,3,29
2021-03-24,19745.0,585,350,168,42,8,48
2021-03-25,22526.0,516,377,148,35,4,33
2021-03-26,25224.0,540,336,180,45,3,55
2021-03-27,24379.0,590,274,221,40,4,43
2021-03-28,20486.0,574,276,254,26,4,32
2021-03-29,22289.0,561,330,188,39,3,48
2021-03-30,24125.0,547,372,151,50,2,59
2021-03-31,25305.0,562,387,173,52,11,52
2021-04-01,24888.0,633,297,207,55,7,57
2021-04-02,25266.0,608,340,209,54,4,51
2021-04-03,21332.0,594,230,258,29,6,31
2021-04-04,16122.0,473,140,196,17,3,23
2021-04-05,16256.0,436,165,173,36,4,55
2021-04-06,20836.0,425,268,144,37,7,41
2021-04-07,21990.0,521,327,136,33,8,41
2021-04-08,21776.0,528,329,161,46,4,57
2021-04-09,23907.0,561,284,160,40,2,44
2021-04-10,24172.0,617,194,261,47,4,49
2021-04-11,21799.0,644,185,316,58,6,65
2021-04-12,21662.0,551,293,166,42,3,46
2021-04-13,21761.0,607,306,179,45,6,47
2021-04-14,21372.0,525,327,142,43,8,49
2021-04-15,20943.0,558,352,164,47,2,53
2021-04-16,22129.0,575,316,137,50,7,73
2021-04-17,23088.0,591,246,238,42,10,46
2021-04-18,19908.0,673,207,285,37,5,49
2021-04-19,22650.0,585,323,208,68,8,64
2021-04-20,24080.0,598,397,172,58,3,62
2021-04-21,22959.0,647,404,196,48,5,52
2021-04-22,21505.0,630,358,191,61,1,65
2021-04-23,22623.0,530,351,176,50,4,64
2021-04-24,22453.0,630,225,258,60,6,69
2021-04-25,18701.0,596,200,248,48,5,62
2021-04-26,20688.0,508,296,180,44,1,57
2021-04-27,21447.0,610,395,192,48,3,52
2021-04-28,21560.0,602,387,175,67,3,81
2021-04-29,21777.0,535,384,160,47,4,48
2021-04-30,23556.0,546,322,166,75,4,85
2021-05-01,21185.0,673,222,346,54,5,76
2021-05-02,17101.0,601,170,268,40,8,45
2021-05-03,16961.0,535,197,260,36,3,46
2021-05-04,22048.0,555,253,205,55,1,69
2021-05-05,19632.0,533,342,139,59,4,73
2021-05-06,21829.0,572,302,183,40,7,44
2021-05-07,20354.0,511,290,158,45,0,54
2021-05-08,20737.0,584,190,241,44,3,56
2021-05-09,19362.0,637,191,282,75,8,85
2021-05-10,20957.0,627,300,235,88,5,94
2021-05-11,22150.0,614,320,213,99,7,114
2021-05-12,21245.0,625,337,199,104,6,118
2021-05-13,20705.0,637,376,199,83,4,90
2021-05-14,20972.0,605,321,194,76,7,83
2021-05-15,20438.0,664,193,294,74,5,81
2021-05-16,16038.0,643,139,324,50,5,58
2021-05-17,18076.0,584,275,204,67,6,71
2021-05-18,17806.0,571,438,195,62,8,64
2021-05-19,18279.0,601,356,198,59,0,70
2021-05-20,18487.0,648,380,220,56,5,61
2021-05-21,19404.0,585,333,218,80,5,88
2021-05-22,18739.0,647,284,303,68,4,89
2021-05-23,16120.0,701,203,344,49,5,61
2021-05-24,18774.0,574,297,202,77,4,83
2021-05-25,19675.0,563,346,168,57,2,63
2021-05-26,18345.0,596,301,184,71,3,78
2021-05-27,18587.0,641,384,211,75,10,72
2021-05-28,18573.0,607,337,223,67,1,75
2021-05-29,17710.0,686,206,289,64,12,67
2021-05-30,15031.0,654,176,302,49,6,58
2021-05-31,17506.0,550,355,181,75,10,78
2021-06-01,18317.0,577,343,199,86,4,101
2021-06-02,19784.0,584,417,198,78,6,86
2021-06-03,16460.0,636,194,293,81,5,95
2021-06-04,20069.0,683,255,299,72,9,72
2021-06-05,18888.0,677,190,309,86,12,86
2021-06-06,16786.0,698,174,347,68,7,82
2021-06-07,18213.0,578,274,238,86,10,94
2021-06-08,18017.0,598,328,199,89,5,100
2021-06-09,18155.0,636,326,231,117,7,121
2021-06-10,18810.0,626,373,202,101,6,119
2021-06-11,20167.0,679,345,265,94,4,105
2021-06-12,19593.0,712,188,327,88,6,108
2021-06-13,15429.0,696,186,341,59,9,70
2021-06-14,18427.0,558,280,220,81,7,98
2021-06-15,17920.0,639,342,227,78,2,85
2021-06-16,18409.0,708,335,240,90,5,93
2021-06-17,18394.0,623,333,207,89,6,91
2021-06-18,20412.0,667,326,254,101,6,115
2021-06-19,21235.0,700,208,330,87,9,106
2021-06-20,19423.0,704,196,348,84,10,99
2021-06-21,19773.0,599,319,258,87,5,103
2021-06-22,19009.0,632,384,220,70,7,72
2021-06-23,18479.0,623,309,223,74,6,97
2021-06-24,18997.0,683,408,213,78,9,74
2021-06-25,21867.0,604,380,228,80,2,93
2021-06-26,20650.0,700,284,316,85,4,100
2021-06-27,18708.0,660,241,324,59,5,73
2021-06-28,18236.0,675,337,266,83,8,96
2021-06-29,18309.0,604,442,247,82,11,87
2021-06-30,18316.0,570,431,238,79,3,87
2021-07-01,17851.0,600,345,224,69,13,76
2021-07-02,18577.0,584,305,198,72,5,84
2021-07-03,19475.0,696,225,331,96,8,129
2021-07-04,17398.0,722,192,364,71,4,85
2021-07-05,18141.0,681,317,278,85,9,87
2021-07-06,18399.0,633,359,232,85,11,89
2021-07-07,18169.0,671,343,269,82,5,89
2021-07-08,18782.0,695,329,218,88,8,96
2021-07-09,20315.0,652,319,259,102,7,130
2021-07-10,21671.0,809,272,410,85,4,104
2021-07-11,19261.0,744,199,363,95,3,117
2021-07-12,18974.0,709,313,308,83,7,90
2021-07-13,19185.0,623,342,240,80,3,89
2021-07-14,19199.0,739,380,302,67,3,71
2021-07-15,19429.0,636,367,246,83,8,80
2021-07-16,21250.0,668,329,288,95,6,104
2021-07-17,22865.0,725,236,313,69,4,84
2021-07-18,20203.0,744,232,358,69,10,73
2021-07-19,18458.0,577,317,240,81,10,91
2021-07-20,18174.0,664,411,252,61,5,64
2021-07-21,17706.0,619,338,223,84,7,95
2021-07-22,17575.0,597,356,220,59,4,62
2021-07-23,19402.0,575,401,235,75,6,84
2021-07-24,20828.0,774,241,352,94,5,118
2021-07-25,18448.0,683,222,375,72,5,96
2021-07-26,18483.0,678,302,307,87,1,121
2021-07-27,18706.0,657,322,255,74,4,87
2021-07-28,20125.0,592,358,198,61,4,86
2021-07-29,20236.0,554,360,207,80,4,87
2021-07-30,21733.0,527,319,194,95,3,107
2021-07-31,22247.0,718,197,306,92,13,105
2021-08-01,18856.0,665,191,330,66,8,87
2021-08-02,19006.0,553,268,259,59,7,78
2021-08-03,19911.0,559,316,218,65,3,81
2021-08-04,20006.0,528,338,188,61,7,68
2021-08-05,19102.0,538,288,173,72,3,112
2021-08-06,19905.0,560,291,192,72,11,96
2021-08-07,21332.0,674,216,311,94,5,113
2021-08-08,18473.0,706,193,374,58,5,70
2021-08-09,19794.0,719,273,269,65,4,80
2021-08-10,19724.0,586,312,235,82,7,95
2021-08-11,19897.0,579,328,200,80,3,79
2021-08-12,20197.0,640,388,227,76,6,79
2021-08-13,21712.0,607,321,229,113,6,128
2021-08-14,22458.0,692,215,306,92,9,101
2021-08-15,19709.0,693,170,332,94,8,119
2021-08-16,20326.0,673,280,288,80,11,89
2021-08-17,18725.0,553,339,190,67,4,79
2021-08-18,18604.0,588,324,207,52,2,55
2021-08-19,18497.0,630,344,226,54,5,59
2021-08-20,19986.0,648,332,256,64,2,74
2021-08-21,20247.0,666,195,330,72,4,88
2021-08-22,18063.0,701,209,385,68,6,76
2021-08-23,17528.0,577,284,240,87,16,97
2021-08-24,17240.0,571,320,187,68,5,77
2021-08-25,18185.0,618,332,212,53,2,67
2021-08-26,17243.0,582,358,208,67,6,79
2021-08-27,18668.0,579,377,226,72,5,84
2021-08-28,18976.0,739,223,360,73,11,89
2021-08-29,16651.0,740,196,362,57,5,79
2021-08-30,17463.0,582,283,237,67,5,81
2021-08-31,17667.0,530,326,181,55,6,61
2021-09-01,20629.0,551,325,192,70,2,78
2021-09-02,18423.0,582,381,202,59,4,71
2021-09-03,19708.0,647,324,251,93,6,105
2021-09-04,18857.0,629,198,301,70,5,87
2021-09-05,16301.0,672,213,345,83,11,93
2021-09-06,18135.0,619,279,252,95,6,114
2021-09-07,17625.0,551,333,203,71,5,79
2021-09-08,17676.0,574,279,193,97,6,100
2021-09-09,18607.0,610,383,215,89,4,102
2021-09-10,20620.0,578,313,226,123,3,147
2021-09-11,20495.0,715,199,358,110,12,118
2021-09-12,17711.0,720,209,352,83,11,96
2021-09-13,18715.0,861,306,364,78,5,88
2021-09-14,18329.0,592,312,193,82,12,84
2021-09-15,18246.0,581,361,195,66,9,69
2021-09-16,18437.0,591,353,206,61,6,67
2021-09-17,18479.0,517,282,184,72,5,91
2021-09-18,17130.0,550,173,253,63,2,87
2021-09-19,13721.0,568,154,256,48,11,48
2021-09-20,16051.0,495,237,189,51,5,53
2021-09-21,15548.0,492,271,163,69,5,79
2021-09-22,15709.0,488,275,172,54,4,57
2021-09-23,15477.0,515,302,192,46,6,50
2021-09-24,17176.0,517,263,172,63,3,72
2021-09-25,17645.0,546,123,232,51,6,61
2021-09-26,16281.0,661,189,325,57,7,69
2021-09-27,17843.0,606,274,266,100,9,102
2021-09-28,17006.0,576,326,217,73,2,92
2021-09-29,17003.0,522,341,191,64,2,75
2021-09-30,17453.0,580,339,198,92,9,105
2021-10-01,18775.0,513,295,201,87,9,102
2021-10-02,18131.0,567,211,274,72,10,76
2021-10-03,19197.0,638,206,297,65,9,76
2021-10-04,18411.0,592,307,256,78,8,81
2021-10-05,18042.0,578,344,207,95,5,99
2021-10-06,17414.0,601,340,210,76,4,87
2021-10-07,18138.0,577,355,195,75,10,85
2021-10-08,19554.0,580,358,219,83,6,89
2021-10-09,18433.0,651,225,284,79,4,90
2021-10-10,15670.0,637,157,305,71,11,80
2021-10-11,17782.0,630,294,262,75,5,78
2021-10-12,17425.0,600,359,169,60,5,77
2021-10-13,17610.0,589,334,196,66,5,72
2021-10-14,17867.0,597,357,187,71,5,83
2021-10-15,19334.0,593,343,185,74,4,79
2021-10-16,17878.0,730,204,335,68,13,74
2021-10-17,16074.0,637,190,310,41,2,52
2021-10-18,18185.0,686,349,285,70,6,80
2021-10-19,19035.0,556,322,162,91,12,98
2021-10-20,20066.0,568,422,169,65,3,75
2021-10-21,22037.0,644,352,228,72,7,81
2021-10-22,21092.0,578,345,188,84,12,102
2021-10-23,19650.0,661,186,272,72,7,82
2021-10-24,17131.0,672,177,285,37,3,40
2021-10-25,19348.0,532,302,170,71,3,78
2021-10-26,19792.0,521,318,164,71,5,78
2021-10-27,20431.0,576,323,183,60,3,64
2021-10-28,20781.0,577,388,151,70,7,68
2021-10-29,22364.0,551,65,181,89,4,97
2021-10-30,23074.0,680,240,310,95,4,119
2021-10-31,21069.0,737,197,343,61,10,77
2021-11-01,16060.0,569,229,371,42,0,50
2021-11-02,20377.0,528,308,117,92,8,94
2021-11-03,20794.0,573,321,195,70,7,75
2021-11-04,21072.0,527,299,157,54,2,62
2021-11-05,22342.0,544,310,197,72,4,81
2021-11-06,21441.0,607,209,296,51,5,60
2021-11-07,17056.0,638,201,306,41,4,49
2021-11-08,19483.0,528,275,193,79,10,76
2021-11-09,20061.0,506,292,180,73,10,81
2021-11-10,21747.0,514,297,167,71,6,82
2021-11-11,17251.0,567,190,279,51,9,50
2021-11-12,20928.0,556,249,262,50,5,54
2021-11-13,19925.0,616,217,286,39,5,41
2021-11-14,16953.0,600,203,278,32,5,27
2021-11-15,20686.0,583,260,317,49,6,50
2021-11-16,20122.0,541,314,187,46,2,49
2021-11-17,20314.0,507,387,193,45,2,49
2021-11-18,20971.0,554,400,191,55,3,59
2021-11-19,22000.0,476,373,180,89,8,95
2021-11-20,21374.0,669,236,328,77,15,86
2021-11-21,17634.0,582,198,305,48,5,53
2021-11-22,19996.0,584,316,292,77,7,86
2021-11-23,19450.0,505,320,173,78,5,79
2021-11-24,20309.0,553,331,176,77,5,86
2021-11-25,20457.0,547,399,173,59,6,64
2021-11-26,21098.0,452,392,176,72,11,66
2021-11-27,19873.0,583,186,302,68,6,77
2021-11-28,17180.0,596,170,326,43,5,51
2021-11-29,19404.0,539,350,307,63,13,64
2021-11-30,19391.0,486,313,170,89,4,118
2021-12-01,20309.0,458,528,165,81,2,89
2021-12-02,21036.0,494,561,170,63,10,65
2021-12-03,21491.0,528,481,184,57,6,62
2021-12-04,19884.0,599,330,277,53,4,67
2021-12-05,15904.0,526,166,267,34,2,43
2021-12-06,19547.0,454,283,195,61,4,65
2021-12-07,19867.0,486,307,151,52,3,55
2021-12-08,19778.0,489,300,142,55,1,61
2021-12-09,21334.0,556,328,170,45,3,49
2021-12-10,26411.0,405,282,135,76,4,91
2021-12-11,25290.0,565,234,240,39,3,52
2021-12-12,21763.0,604,173,242,40,4,50
2021-12-13,24001.0,538,297,220,43,3,41
2021-12-14,24044.0,468,334,164,53,2,62
2021-12-15,24265.0,456,367,162,63,5,69
2021-12-16,24501.0,483,354,163,91,11,85
2021-12-17,24616.0,497,321,138,63,9,60
2021-12-18,23915.0,550,200,192,49,3,61
2021-12-19,20853.0,551,195,241,46,9,47
2021-12-20,23329.0,476,285,184,70,5,74
2021-12-21,23183.0,505,379,162,57,4,62
2021-12-22,23653.0,442,357,167,48,3,60
2021-12-23,23334.0,461,396,194,51,0,58
2021-12-24,16069.0,337,264,162,57,2,68
2021-12-25,13978.0,362,131,187,28,2,37
2021-12-26,13421.0,354,128,161,25,0,35
2021-12-27,19896.0,385,296,171,35,3,40
2021-12-28,20679.0,437,335,129,42,3,49
2021-12-29,21137.0,467,590,150,23,0,28
2021-12-30,22158.0,435,516,146,54,5,57
2021-12-31,19904.0,407,240,156,55,8,56
2022-01-01,22069.0,736,197,386,37,10,38
2022-01-02,15467.0,465,163,203,25,3,37
2022-01-03,20581.0,548,317,226,44,4,50
2022-01-04,20232.0,485,406,129,34,9,27
2022-01-05,20936.0,484,352,131,64,8,60
2022-01-06,15442.0,443,230,156,31,1,42
2022-01-07,20510.0,512,334,195,47,6,62
2022-01-08,19070.0,544,182,189,35,6,44
2022-01-09,15677.0,446,182,156,19,1,22
2022-01-10,19192.0,484,274,164,39,1,51
2022-01-11,19805.0,503,353,149,53,8,51
2022-01-12,19308.0,531,318,144,45,4,57
2022-01-13,19878.0,534,353,152,60,0,68
2022-01-14,20885.0,529,350,151,64,3,67
2022-01-15,19927.0,563,199,249,50,3,74
2022-01-16,16199.0,554,187,211,23,4,29
2022-01-17,20489.0,481,362,180,59,6,63
2022-01-18,20228.0,522,319,125,49,6,54
2022-01-19,21499.0,523,395,156,45,7,49
2022-01-20,22379.0,527,350,168,58,4,70
2022-01-21,22534.0,505,432,149,47,4,58
2022-01-22,20776.0,505,219,179,31,1,40
2022-01-23,16863.0,474,180,177,18,1,23
2022-01-24,21005.0,514,311,180,49,8,57
2022-01-25,20616.0,482,350,122,43,7,45
2022-01-26,20767.0,484,360,141,36,2,38
2022-01-27,20378.0,479,411,138,38,3,40
2022-01-28,21413.0,491,365,136,39,4,37
2022-01-29,19566.0,477,239,192,28,6,36
2022-01-30,19188.0,446,220,196,25,2,35
2022-01-31,20360.0,423,277,139,41,6,45
2022-02-01,20782.0,505,368,153,33,6,34
2022-02-02,20609.0,470,398,133,42,3,42
2022-02-03,20629.0,561,377,137,39,5,36
2022-02-04,21634.0,552,345,182,44,3,49
2022-02-05,20453.0,557,246,222,34,7,42
2022-02-06,15951.0,514,212,230,27,2,36
2022-02-07,19723.0,494,298,160,63,5,63
2022-02-08,20317.0,511,338,158,39,3,46
2022-02-09,20342.0,582,364,161,44,8,48
2022-02-10,20402.0,606,369,200,36,2,38
2022-02-11,20626.0,573,352,192,64,5,69
2022-02-12,20154.0,600,217,245,39,2,43
2022-02-13,15787.0,589,200,245,28,7,25
2022-02-14,19557.0,575,312,269,40,1,48
2022-02-15,19968.0,620,369,215,41,6,41
2022-02-16,20279.0,642,403,211,41,2,49
2022-02-17,21193.0,585,389,200,40,1,43
2022-02-18,20830.0,540,395,179,45,1,51
2022-02-19,18264.0,520,243,188,34,5,33
2022-02-20,15638.0,566,193,272,29,2,35
2022-02-21,19308.0,529,348,206,45,2,49
2022-02-22,20197.0,522,322,176,37,8,44
2022-02-23,19068.0,564,357,171,39,3,42
2022-02-24,20308.0,585,364,167,63,2,74
2022-02-25,18890.0,527,318,171,51,4,56
2022-02-26,19522.0,581,187,245,44,8,55
2022-02-27,15364.0,518,166,245,32,2,45
2022-02-28,18715.0,544,307,247,58,5,62
2022-03-01,19104.0,515,331,183,53,6,60
2022-03-02,18853.0,588,325,195,48,7,50
2022-03-03,18451.0,554,348,176,30,1,32
2022-03-04,19401.0,507,332,156,43,1,48
2022-03-05,18529.0,601,205,262,36,1,52
2022-03-06,14717.0,568,199,243,27,5,25
2022-03-07,17774.0,505,295,188,46,1,62
2022-03-08,18118.0,529,328,174,48,8,54
2022-03-09,17911.0,545,341,227,44,5,52
2022-03-10,18199.0,601,346,180,43,4,43
2022-03-11,21131.0,499,300,169,72,9,80
2022-03-12,19481.0,636,201,241,42,4,49
2022-03-13,16320.0,545,184,251,44,8,55
2022-03-14,20304.0,568,334,237,66,9,69
2022-03-15,19602.0,646,394,230,39,6,40
2022-03-16,19085.0,687,413,235,37,2,36
2022-03-17,18627.0,655,381,232,52,1,63
2022-03-18,19809.0,658,345,238,64,4,62
2022-03-19,19544.0,668,182,277,43,3,48
2022-03-20,15990.0,609,176,292,42,6,45
2022-03-21,19358.0,623,297,273,61,0,69
2022-03-22,18767.0,640,386,244,59,7,63
2022-03-23,19650.0,600,375,209,62,7,61
2022-03-24,18364.0,612,374,216,61,2,65
2022-03-25,18962.0,565,337,195,62,2,71
2022-03-26,17808.0,592,198,283,39,2,42
2022-03-27,14344.0,616,195,310,44,3,50
2022-03-28,17120.0,618,367,255,72,4,87
2022-03-29,15809.0,647,396,241,39,3,44
2022-03-30,15591.0,594,381,239,46,1,52
2022-03-31,15329.0,579,372,202,47,2,53
2022-04-01,16036.0,496,363,185,55,3,68
2022-04-02,15647.0,580,214,255,46,3,52
2022-04-03,12859.0,558,189,274,28,3,33
2022-04-04,15667.0,603,358,238,27,0,32
2022-04-05,15323.0,594,389,180,48,6,55
2022-04-06,15830.0,629,361,231,51,2,58
2022-04-07,12859.0,558,189,231,28,3,33
2022-04-08,17823.0,678,350,250,57,3,71
2022-04-09,16859.0,668,199,290,50,1,60
2022-04-10,14168.0,623,186,306,37,1,48
2022-04-11,16820.0,565,322,252,42,0,47
2022-04-12,16807.0,666,361,258,68,5,70
2022-04-13,17601.0,606,322,242,65,9,64
2022-04-14,18592.0,687,448,267,87,6,95
2022-04-15,18173.0,667,427,287,63,6,72
2022-04-16,15543.0,670,266,341,44,4,48
2022-04-17,12621.0,519,168,299,33,7,38
2022-04-18,13267.0,624,152,337,49,14,53
2022-04-19,15837.0,658,329,409,48,2,56
2022-04-20,15245.0,620,345,195,49,7,54
2022-04-21,15740.0,630,385,255,42,4,48
2022-04-22,17056.0,588,344,238,43,1,45
2022-04-23,17247.0,649,192,274,30,1,35
2022-04-24,14726.0,658,206,331,54,12,71
2022-04-25,15675.0,670,284,276,52,3,67
2022-04-26,15687.0,615,359,209,38,0,47
2022-04-27,16196.0,577,374,193,50,3,57
2022-04-28,17347.0,563,361,184,38,5,38
2022-04-29,19076.0,549,367,227,72,7,69
2022-04-30,17552.0,672,257,304,78,5,87
2022-05-01,15578.0,938,182,404,49,5,57
2022-05-02,16618.0,674,235,350,53,4,58
2022-05-03,13830.0,589,166,352,51,4,61
2022-05-04,18455.0,624,266,346,56,3,59
2022-05-05,15946.0,570,322,237,91,6,99
2022-05-06,18616.0,586,342,245,67,3,73
2022-05-07,18044.0,647,203,325,48,6,60
2022-05-08,14948.0,642,185,363,42,4,47
2022-05-09,16393.0,633,274,356,78,6,79
2022-05-10,16603.0,575,344,231,67,2,73
2022-05-11,17414.0,636,357,229,58,4,57
2022-05-12,17661.0,739,369,311,69,2,71
2022-05-13,18694.0,655,324,303,85,4,94
2022-05-14,17807.0,696,232,346,65,1,79
2022-05-15,15635.0,697,258,447,89,6,105
2022-05-16,16851.0,589,416,289,87,10,96
2022-05-17,16211.0,614,410,249,66,1,74
2022-05-18,16344.0,662,373,266,93,3,112
2022-05-19,17185.0,632,364,258,82,4,112
2022-05-20,19070.0,637,350,300,90,7,106
2022-05-21,17612.0,735,227,377,63,3,78
2022-05-22,13732.0,633,182,370,45,9,53
2022-05-23,16432.0,579,329,274,69,1,76
2022-05-24,16469.0,621,414,223,72,6,85
2022-05-25,15922.0,603,464,236,58,2,62
2022-05-26,16610.0,615,396,246,84,2,90
2022-05-27,17425.0,582,343,254,81,2,99
2022-05-28,15951.0,655,188,314,45,4,58
2022-05-29,13907.0,688,219,401,43,3,61
2022-05-30,15689.0,622,342,283,56,2,61
2022-05-31,16115.0,592,376,218,60,1,70
2022-06-01,16424.0,624,340,232,84,11,91
2022-06-02,16542.0,713,361,284,54,3,60
2022-06-03,18441.0,784,303,401,93,1,108
2022-06-04,18739.0,697,219,389,71,9,85
2022-06-05,16820.0,797,206,500,72,4,79
2022-06-06,17552.0,679,332,345,87,8,105
2022-06-07,17616.0,666,368,305,65,1,77
2022-06-08,16378.0,648,359,255,66,3,84
2022-06-09,16997.0,762,375,309,79,5,86
2022-06-10,19132.0,646,336,284,71,3,78
2022-06-11,20377.0,756,245,397,60,3,73
2022-06-12,17721.0,813,196,463,73,12,87
2022-06-13,16868.0,732,315,392,76,4,86
2022-06-14,16584.0,626,301,244,69,5,72
2022-06-15,18116.0,658,345,277,87,5,95
2022-06-16,15026.0,677,219,388,65,7,71
2022-06-17,18299.0,708,345,398,76,10,83
2022-06-18,18769.0,708,258,404,71,6,72
2022-06-19,16747.0,739,197,440,59,3,68
2022-06-20,16416.0,642,287,327,81,10,88
2022-06-21,15999.0,564,336,212,71,4,78
2022-06-22,16956.0,592,358,219,77,5,79
2022-06-23,17448.0,606,335,264,91,7,95
2022-06-24,21442.0,642,294,294,99,5,115
2022-06-25,20698.0,748,220,449,81,6,88
2022-06-26,18947.0,688,201,445,65,4,98
2022-06-27,18685.0,705,332,477,71,8,96
2022-06-28,18368.0,589,324,246,84,10,96
2022-06-29,17915.0,625,413,298,79,8,79
2022-06-30,18806.0,686,356,296,90,7,101
2022-07-01,19872.0,622,254,311,72,8,87
2022-07-02,20396.0,698,229,416,47,5,53
2022-07-03,18332.0,726,181,459,71,4,96
2022-07-04,18392.0,721,298,458,55,4,62
2022-07-05,16912.0,584,354,268,84,4,92
2022-07-06,16580.0,620,349,250,59,6,64
2022-07-07,16573.0,657,342,279,60,4,62
2022-07-08,18566.0,632,317,327,68,2,82
2022-07-09,18907.0,840,243,478,65,7,76
2022-07-10,14947.0,806,187,465,62,8,88
2022-07-11,15896.0,624,282,366,63,8,62
2022-07-12,15915.0,588,371,262,65,5,71
2022-07-13,16772.0,621,217,268,80,3,97
2022-07-14,17193.0,643,369,287,74,3,81
2022-07-15,18028.0,586,336,255,64,4,67
2022-07-16,17370.0,742,215,424,57,4,64
2022-07-17,15244.0,675,193,414,53,9,58
2022-07-18,17107.0,685,273,415,69,4,74
2022-07-19,16839.0,601,352,260,70,9,77
2022-07-20,17188.0,676,333,329,78,5,80
2022-07-21,18168.0,602,324,317,73,5,86
2022-07-22,19314.0,604,300,307,75,2,80
2022-07-23,20731.0,779,223,307,82,5,103
2022-07-24,17663.0,721,206,407,66,3,100
2022-07-25,18182.0,733,263,422,88,4,97
2022-07-26,16944.0,598,331,267,58,3,63
2022-07-27,16857.0,612,354,267,73,4,80
2022-07-28,17034.0,609,359,275,68,2,79
2022-07-29,17871.0,578,297,295,77,11,82
2022-07-30,17683.0,714,215,400,69,7,93
2022-07-31,14558.0,653,200,390,50,2,68
2022-08-01,17342.0,619,287,325,68,5,81
2022-08-02,17292.0,599,321,230,59,2,65
2022-08-03,17015.0,630,360,274,77,2,83
2022-08-04,17592.0,655,367,292,75,9,82
2022-08-05,19727.0,681,317,337,89,4,103
2022-08-06,19154.0,692,233,415,70,7,96
2022-08-07,16331.0,713,169,435,65,14,83
2022-08-08,16712.0,673,287,369,65,6,76
2022-08-09,16774.0,643,326,299,75,5,86
2022-08-10,17331.0,653,340,302,87,3,99
2022-08-11,17216.0,644,353,275,81,4,91
2022-08-12,19115.0,672,319,301,75,5,82
2022-08-13,20213.0,718,216,428,70,11,85
2022-08-14,18690.0,771,188,479,59,4,91
2022-08-15,16647.0,664,218,418,64,9,83
2022-08-16,19048.0,812,275,528,65,3,78
2022-08-17,18724.0,639,356,293,61,3,67
2022-08-18,18838.0,702,337,335,60,3,70
2022-08-19,20333.0,687,311,347,92,5,105
2022-08-20,21421.0,789,253,437,63,2,72
2022-08-21,17534.0,680,221,411,68,9,80
2022-08-22,17620.0,630,317,281,58,3,71
2022-08-23,17966.0,624,356,262,60,9,66
2022-08-24,18199.0,620,422,300,74,9,77
2022-08-25,18631.0,668,382,306,60,2,71
2022-08-26,19650.0,727,363,387,84,5,86
2022-08-27,21340.0,721,197,406,67,7,80
2022-08-28,18258.0,735,185,440,67,11,88
2022-08-29,17317.0,666,300,370,74,5,100
2022-08-30,16683.0,629,340,281,74,3,84
2022-08-31,16140.0,548,325,245,70,2,90
2022-09-01,16332.0,580,318,242,81,7,83
2022-09-02,16971.0,665,338,298,92,10,90
2022-09-03,16628.0,700,190,427,76,9,81
2022-09-04,14331.0,641,156,387,51,4,60
2022-09-05,15440.0,564,321,252,78,3,82
2022-09-06,15494.0,577,338,221,84,2,98
2022-09-07,15389.0,610,348,239,72,4,70
2022-09-08,15356.0,624,345,231,67,5,76
2022-09-09,17103.0,615,287,278,86,2,98
2022-09-10,17443.0,726,194,369,61,10,66
2022-09-11,13414.0,629,168,368,54,4,56
2022-09-12,15637.0,694,321,383,52,6,48
2022-09-13,15157.0,609,323,254,59,2,70
2022-09-14,14921.0,598,337,250,53,5,53
2022-09-15,14905.0,632,436,249,57,0,72
2022-09-16,16223.0,601,358,272,63,4,73
2022-09-17,15296.0,584,193,273,43,7,42
2022-09-18,12391.0,589,194,313,39,8,53
2022-09-19,14255.0,551,302,255,54,1,57
2022-09-20,14630.0,560,338,188,56,3,66
2022-09-21,14374.0,618,346,248,51,3,53
2022-09-22,14626.0,560,378,220,69,3,77
2022-09-23,16280.0,603,346,261,64,4,75
2022-09-24,15892.0,646,185,338,45,4,47
2022-09-25,13465.0,649,177,354,46,5,53
2022-09-26,15072.0,610,301,311,58,4,62
2022-09-27,14179.0,608,349,244,47,4,47
2022-09-28,14820.0,589,381,283,60,1,75
2022-09-29,14616.0,608,394,218,59,6,69
2022-09-30,16406.0,629,416,253,73,9,72
2022-10-01,16083.0,667,182,329,57,5,64
2022-10-02,12991.0,586,188,340,47,1,61
2022-10-03,14851.0,705,299,271,49,2,57
2022-10-04,15041.0,596,361,256,61,2,66
2022-10-05,15164.0,589,397,244,59,6,58
2022-10-06,15515.0,670,377,270,60,2,65
2022-10-07,17032.0,643,344,292,73,9,79
2022-10-08,17347.0,690,194,416,56,8,68
2022-10-09,13588.0,645,185,377,47,7,48
2022-10-10,15678.0,643,268,354,71,7,89
2022-10-11,15422.0,590,315,218,49,6,54
2022-10-12,15537.0,643,413,277,49,4,52
2022-10-13,15545.0,655,403,251,54,8,53
2022-10-14,17104.0,683,379,308,65,7,66
2022-10-15,16894.0,674,288,342,38,4,44
2022-10-16,14581.0,642,181,387,56,3,64
2022-10-17,16495.0,659,412,297,87,8,85
2022-10-18,15734.0,610,384,269,86,10,90
2022-10-19,14862.0,606,352,263,66,11,78
2022-10-20,15006.0,580,323,239,75,2,86
2022-10-21,15997.0,560,347,233,57,3,63
2022-10-22,15795.0,654,205,334,60,7,71
2022-10-23,13869.0,733,200,392,33,6,40
2022-10-24,15806.0,688,340,326,70,1,79
2022-10-25,15727.0,568,333,218,63,4,62
2022-10-26,15814.0,663,400,274,81,8,80
2022-10-27,15837.0,583,372,246,69,8,67
2022-10-28,17696.0,632,400,309,78,9,75
2022-10-29,18042.0,665,282,314,63,5,74
2022-10-30,15768.0,635,244,358,51,3,66
2022-10-31,18299.0,633,464,312,56,1,66
2022-11-01,12373.0,534,229,304,39,7,45
2022-11-02,15188.0,600,377,314,48,6,47
2022-11-03,14902.0,620,395,223,60,6,66
2022-11-04,16035.0,570,354,234,71,7,71
2022-11-05,15231.0,649,200,341,42,7,43
2022-11-06,12327.0,580,192,324,37,4,38
2022-11-07,14434.0,530,351,254,55,3,63
2022-11-08,14738.0,504,384,221,66,6,67
2022-11-09,14890.0,531,334,195,42,5,42
2022-11-10,16509.0,572,319,233,61,5,65
2022-11-11,14001.0,666,213,289,36,3,44
2022-11-12,15621.0,618,159,337,35,5,37
2022-11-13,12733.0,625,206,350,31,2,46
2022-11-14,14631.0,627,310,412,50,2,50
2022-11-15,14791.0,548,344,193,49,6,59
2022-11-16,14015.0,554,342,231,64,7,62
2022-11-17,13768.0,533,319,192,46,4,44
2022-11-18,15259.0,520,356,203,52,5,57
2022-11-19,15612.0,538,212,242,51,3,54
2022-11-20,11452.0,481,177,225,20,1,20
2022-11-21,13698.0,484,310,209,49,7,51
2022-11-22,13584.0,456,287,152,49,5,51
2022-11-23,13971.0,515,341,189,47,3,61
2022-11-24,14130.0,481,342,167,49,3,59
2022-11-25,15563.0,509,489,185,57,3,55
2022-11-26,15065.0,610,243,298,49,9,49
2022-11-27,12361.0,564,202,278,22,1,21
2022-11-28,14245.0,564,343,347,58,6,64
2022-11-29,13163.0,461,320,140,44,2,49
2022-12-01,13828.0,604,362,250,39,3,44
2022-12-02,14780.0,430,316,149,49,3,56
2022-12-03,15038.0,523,165,244,43,3,41
2022-12-04,11265.0,456,189,225,28,1,35
2022-12-05,14167.0,507,302,251,56,5,59
2022-12-06,13745.0,463,294,183,82,9,87
2022-12-07,13863.0,441,344,139,67,5,68
2022-12-08,14337.0,504,372,180,60,4,67
2022-12-09,15763.0,510,329,204,77,3,80
2022-12-10,14998.0,562,201,272,34,5,47
2022-12-11,13031.0,475,166,224,31,4,40
2022-12-12,14472.0,458,327,150,39,3,41
2022-12-13,13948.0,426,334,146,34,9,36
2022-12-14,13968.0,425,366,134,35,1,36
2022-12-15,14190.0,411,358,124,37,3,37
2022-12-16,16262.0,403,387,147,34,1,43
2022-12-17,15043.0,456,211,184,35,4,35
2022-12-18,12543.0,411,149,168,15,3,17
2022-12-19,14911.0,402,270,149,41,1,53
2022-12-20,15256.0,392,367,108,42,4,49
2022-12-21,15271.0,497,368,148,50,4,58
2022-12-22,16105.0,510,371,185,58,5,56
2022-12-23,17048.0,520,481,234,60,5,69
2022-12-24,12383.0,371,202,191,41,2,47
2022-12-25,11991.0,354,120,191,21,1,24
2022-12-26,11045.0,372,119,198,34,5,43
2022-12-27,14483.0,499,366,249,41,6,45
2022-12-28,14424.0,426,411,155,36,2,41
2022-12-29,14876.0,482,410,153,37,4,43
2022-12-30,15687.0,467,361,174,39,0,60
2022-12-30,13477.0,458,279,174,51,3,62
2022-12-31,15362.0,421,195,186,35,6,42
2023-01-01,18626.0,655,202,379,33,9,35
2023-01-02,14518.0,694,346,410,49,6,51
2023-01-03,14236.0,544,409,183,33,3,34
2023-01-04,13912.0,569,428,168,73,10,77
2023-01-05,15132.0,439,452,135,62,5,66
2023-01-06,11980.0,541,251,234,30,4,33
2023-01-07,14246.0,542,274,274,42,6,47
2023-01-08,11020.0,509,220,267,23,6,29
2023-01-09,13976.0,634,326,359,51,5,49
2023-01-10,14176.0,601,398,193,60,3,64
2023-01-11,14481.0,591,446,205,49,5,52
2023-01-12,14813.0,599,468,215,53,1,61
2023-01-13,15581.0,592,434,201,51,6,47
2023-01-14,15338.0,675,284,329,39,6,36
2023-01-15,11338.0,550,209,192,24,4,26
2023-01-16,14253.0,614,367,297,60,5,69
2023-01-17,14431.0,545,526,189,56,5,59
2023-01-18,13454.0,577,482,180,46,4,48
2023-01-19,14229.0,527,509,172,55,2,63
2023-01-20,15602.0,575,497,206,41,4,47
2023-01-21,15358.0,497,252,191,45,3,54
2023-01-22,11574.0,465,234,221,18,0,25
2023-01-23,13857.0,538,382,206,36,1,40
2023-01-24,13989.0,541,424,174,36,2,38
2023-01-25,14262.0,558,485,205,30,5,33
2023-01-26,14407.0,527,521,190,55,2,65
2023-01-27,15255.0,521,533,171,36,2,39
2023-01-28,14924.0,591,315,253,35,4,47
2023-01-29,12451.0,575,325,278,47,10,62
2023-01-30,13847.0,492,532,246,54,3,58
2023-01-31,14099.0,532,596,153,53,6,57
2023-02-01,14206.0,525,540,155,50,5,58
2023-02-02,14391.0,541,558,181,46,2,47
2023-02-03,16290.0,520,467,187,74,5,86
2023-02-04,15078.0,530,267,230,33,5,30
2023-02-05,11407.0,465,255,225,24,7,22
2023-02-06,13818.0,512,489,187,42,1,47
2023-02-07,13724.0,574,556,146,31,1,33
2023-02-08,14102.0,567,501,192,24,0,27
2023-02-09,14379.0,538,582,149,44,6,42
2023-02-10,15528.0,502,497,159,32,2,32
2023-02-11,15032.0,613,330,296,31,3,35
2023-02-12,12402.0,554,283,278,28,1,29
2023-02-13,14583.0,578,489,272,39,5,45
2023-02-14,14467.0,536,472,200,36,2,41
2023-02-15,15244.0,597,535,234,23,1,27
2023-02-16,14569.0,556,556,184,55,4,57
2023-02-17,15669.0,543,580,207,42,3,51
2023-02-18,15213.0,540,363,257,38,5,41
2023-02-19,12040.0,521,263,264,22,3,29
2023-02-20,14142.0,581,438,284,55,5,59
2023-02-21,14185.0,534,488,179,38,3,38
2023-02-22,13977.0,551,558,189,32,3,34
2023-02-23,14639.0,506,577,167,32,2,35
2023-02-24,15728.0,600,540,197,48,4,64
2023-02-25,14695.0,571,272,256,29,4,28
2023-02-26,11437.0,467,268,223,25,3,40
2023-02-27,14335.0,528,510,242,31,5,36
2023-02-28,14461.0,568,522,174,30,6,30
2023-03-01,14347.0,596,491,189,35,2,32
2023-03-02,14935.0,635,586,219,38,1,41
2023-03-03,15515.0,629,531,229,46,1,51
2023-03-04,14667.0,618,307,286,36,5,40
2023-03-05,11561.0,527,257,291,31,3,42
2023-03-06,14415.0,524,472,202,43,3,55
2023-03-07,14496.0,563,513,189,45,4,45
2023-03-08,14260.0,573,511,186,51,4,60
2023-03-09,14512.0,629,556,236,42,1,50
2023-03-10,16569.0,631,519,212,58,4,65
2023-03-11,15100.0,689,285,285,52,6,63
2023-03-12,12291.0,596,271,304,18,7,11
2023-03-13,15114.0,617,470,287,39,1,46
2023-03-14,15544.0,637,582,239,51,6,62
2023-03-15,15138.0,645,565,226,52,7,59
2023-03-16,15452.0,656,574,223,30,3,36
2023-03-17,16580.0,659,520,246,45,4,46
2023-03-18,16847.0,609,301,311,47,8,51
2023-03-19,13900.0,546,268,307,37,3,40
2023-03-20,15511.0,636,519,294,55,3,70
2023-03-21,15274.0,609,534,204,49,3,54
2023-03-22,16440.0,669,553,258,50,4,51
2023-03-23,16125.0,631,568,206,38,1,43
2023-03-24,17218.0,633,556,263,48,3,50
2023-03-25,16295.0,607,271,286,55,6,65
2023-03-26,12472.0,632,246,339,37,4,50
2023-03-27,14202.0,616,432,290,35,3,36
2023-03-28,14217.0,541,471,203,36,3,43
2023-03-29,14901.0,575,545,199,53,4,54
2023-03-30,14804.0,567,599,191,34,3,34
2023-03-31,16825.0,580,548,241,57,4,60
2023-04-01,16021.0,637,268,275,32,2,44
2023-04-02,12563.0,530,224,267,35,3,41
2023-04-03,14651.0,548,393,235,37,6,41
2023-04-05,14174.0,541,376,175,33,2,34
2023-04-05,14714.0,502,446,177,53,0,64
2023-04-06,14947.0,554,495,211,48,4,55
2023-04-07,16754.0,611,880,245,59,1,72
2023-04-08,16162.0,677,415,359,45,7,43
2023-04-09,12268.0,524,188,292,23,5,28
2023-04-10,13287.0,539,208,288,46,8,60
2023-04-11,15828.0,807,641,526,40,4,46
2023-04-12,15504.0,569,459,193,50,1,65
2023-04-13,15532.0,563,518,229,38,1,48
2023-04-14,16651.0,578,476,213,46,5,50
2023-04-15,15985.0,575,270,256,46,2,63
2023-04-16,13734.0,599,224,309,40,2,47
2023-04-17,14894.0,542,402,246,33,2,38
2023-04-18,15007.0,540,461,201,37,6,43
2023-04-19,14378.0,582,412,216,49,5,46
2023-04-20,15632.0,583,476,199,45,4,53
2023-04-21,17797.0,585,424,228,56,0,75
2023-04-22,17256.0,593,233,312,80,7,81
2023-04-23,14587.0,537,220,317,54,4,66
2023-04-24,15636.0,569,386,278,56,8,54
2023-04-25,14650.0,505,438,191,50,3,58
2023-04-26,14412.0,511,453,175,57,3,64
2023-04-27,14975.0,520,419,197,64,6,70
2023-04-28,17259.0,486,401,220,60,2,72
2023-04-29,16660.0,594,271,311,50,2,56
2023-04-30,15190.0,595,226,353,53,6,66
2023-05-01,14168.0,537,243,330,51,5,62
2023-05-02,15436.0,584,308,287,46,6,45
2023-05-03,12086.0,511,218,339,46,5,52
2023-05-04,15403.0,672,424,394,47,4,56
2023-05-05,15999.0,557,407,278,65,5,76
2023-05-06,14479.0,515,263,270,44,4,55
2023-05-07,11967.0,487,250,249,25,2,30
2023-05-08,14927.0,566,424,314,69,8,76
2023-05-09,15931.0,564,457,219,58,2,65
2023-05-10,16307.0,604,412,257,69,2,77
2023-05-11,16677.0,639,498,257,67,3,72
2023-05-12,17928.0,642,420,261,66,5,70
2023-05-13,18056.0,593,269,329,70,5,83
2023-05-14,14967.0,610,205,365,65,8,67
2023-05-15,15454.0,544,400,255,56,1,71
2023-05-16,15464.0,566,474,212,57,3,59
2023-05-17,14833.0,505,439,171,39,4,43
2023-05-18,15640.0,598,514,240,45,4,45
2023-05-19,17155.0,537,456,195,56,1,61
2023-05-20,17571.0,590,274,309,62,5,72
2023-05-21,15403.0,609,245,370,75,8,92
2023-05-22,16575.0,588,395,306,79,3,81
2023-05-23,15968.0,577,428,233,61,2,71
2023-05-24,15518.0,566,503,229,66,5,66
2023-05-25,16107.0,628,464,234,60,6,67
2023-05-26,17715.0,556,430,241,85,13,86
2023-05-27,17018.0,596,266,331,74,4,74
2023-05-28,14499.0,590,233,350,52,10,64
2023-05-29,16165.0,569,430,264,86,5,97
2023-05-30,15750.0,564,471,233,89,3,104
2023-05-31,16324.0,560,480,235,88,6,95
2023-06-01,16735.0,594,456,258,75,2,86
2023-06-02,16968.0,569,490,228,79,3,80
2023-06-03,16905.0,639,264,332,62,4,82
2023-06-04,14274.0,567,212,332,52,7,61
2023-06-05,16076.0,557,362,275,71,7,83
2023-06-06,16352.0,597,461,236,73,3,83
2023-06-07,18031.0,577,461,270,95,11,96
2023-06-08,15347.0,629,307,375,67,13,73
2023-06-09,17701.0,672,373,371,50,5,64
2023-06-10,17507.0,632,264,344,57,2,69
2023-06-11,15496.0,632,192,369,58,3,69
2023-06-12,16614.0,647,395,466,78,4,98
2023-06-13,15296.0,576,506,219,52,7,54
2023-06-14,15282.0,578,415,213,51,5,57
2023-06-15,16193.0,616,441,260,73,4,80
2023-06-16,17753.0,589,437,275,64,4,73
2023-06-17,18155.0,641,233,365,59,4,69
2023-06-18,15623.0,572,210,343,52,4,61
2023-06-19,17007.0,583,404,287,79,7,78
2023-06-20,16788.0,596,413,234,84,9,86
2023-06-21,17377.0,562,478,252,51,5,60
2023-06-22,18023.0,647,415,283,96,8,96
2023-06-23,19550.0,616,405,304,84,4,92
2023-06-24,18685.0,610,245,353,65,6,79
2023-06-25,17346.0,645,251,378,81,10,91
2023-06-26,16975.0,559,388,273,65,1,74
2023-06-27,15771.0,589,429,227,64,2,78
2023-06-28,15412.0,557,417,239,60,5,66
2023-06-29,16125.0,492,549,218,71,3,83
2023-06-30,17845.0,532,452,210,84,4,96
2023-07-01,19142.0,620,258,344,61,4,75
2023-07-02,15864.0,648,234,384,64,7,70
2023-07-03,16270.0,601,407,304,57,5,71
2023-07-04,16415.0,546,438,248,84,5,99
2023-07-05,16278.0,608,425,269,55,5,78
2023-07-06,16762.0,557,393,235,63,4,68
2023-07-07,18219.0,628,448,285,83,7,85
2023-07-08,20065.0,741,256,483,66,4,77
2023-07-09,17130.0,726,215,461,65,8,88
2023-07-10,16484.0,692,325,397,83,5,94
2023-07-11,15764.0,574,359,264,71,4,78
2023-07-12,15802.0,608,398,288,62,3,68
2023-07-13,16701.0,598,417,254,66,5,84
2023-07-14,18551.0,643,413,302,70,3,75
2023-07-15,19760.0,727,256,418,70,11,78
2023-07-16,17527.0,677,242,444,76,12,96
2023-07-17,17398.0,570,369,305,79,10,88
2023-07-18,16781.0,511,370,214,81,4,90
2023-07-19,16678.0,594,423,234,59,5,59
2023-07-20,16132.0,577,398,220,74,2,86
2023-07-21,17399.0,598,395,265,63,2,68
2023-07-22,18213.0,643,266,373,58,5,65
2023-07-23,15311.0,664,216,383,60,7,67
2023-07-24,16390.0,559,357,335,57,5,59
2023-07-25,16141.0,499,367,220,70,2,74
2023-07-26,14892.0,535,391,224,49,9,62
2023-07-27,15488.0,558,434,219,69,8,71
2023-07-28,16771.0,505,408,233,72,4,99
2023-07-29,18204.0,592,234,350,62,5,68
2023-07-30,15912.0,589,224,352,52,7,63
2023-08-01,15179.0,500,396,227,67,8,72
2023-08-02,16183.0,624,424,276,66,3,78
2023-08-03,15947.0,548,405,238,54,3,61
2023-08-04,17541.0,598,352,276,64,5,66
2023-08-05,18085.0,653,263,357,53,8,60
2023-08-06,14186.0,556,205,300,58,4,83
2023-08-07,14943.0,550,326,251,51,7,59
2023-08-08,14820.0,576,387,212,56,8,59
2023-08-09,15041.0,562,392,242,60,3,65
2023-08-10,16259.0,577,468,220,55,2,58
2023-08-11,17976.0,559,394,253,90,4,101
2023-08-12,18488.0,701,276,405,90,15,102
2023-08-13,17147.0,638,208,411,63,11,64
2023-08-14,17933.0,562,280,307,98,8,111
2023-08-15,15758.0,554,239,380,67,7,85
2023-08-16,17644.0,759,313,546,64,2,78
2023-08-17,17202.0,539,393,238,57,8,67
2023-08-18,18731.0,571,375,246,79,4,92
2023-08-19,21059.0,664,249,355,60,7,71
2023-08-20,18168.0,670,212,394,70,3,86
2023-08-21,17816.0,612,323,339,66,6,72
2023-08-22,17443.0,552,400,231,67,5,82
2023-08-23,17026.0,587,369,247,95,6,113
2023-08-24,16852.0,577,421,256,73,5,83
2023-08-25,17820.0,611,370,305,68,2,80
2023-08-26,20298.0,636,207,360,61,11,72
2023-08-27,17253.0,591,204,315,43,5,52
2023-08-28,16168.0,602,355,314,67,4,79
2023-08-29,15338.0,492,381,178,54,0,62
2023-08-30,15350.0,624,488,241,51,7,58
2023-08-31,15767.0,539,356,283,53,2,62
2023-08-31,15218.0,586,435,260,58,2,71
2023-09-01,16472.0,531,411,237,70,3,89
2023-09-02,16914.0,618,229,322,85,10,101
2023-09-03,14740.0,567,209,350,56,7,58
2023-09-04,15548.0,616,356,368,62,3,63
2023-09-05,14990.0,505,364,218,81,5,82
2023-09-06,15221.0,577,434,243,70,7,74
2023-09-07,15989.0,616,431,253,87,2,91
2023-09-08,17983.0,630,369,342,95,6,107
2023-09-09,18852.0,595,234,347,71,4,79
2023-09-10,16115.0,562,233,363,68,7,80
2023-09-11,16732.0,605,375,332,93,7,106
2023-09-12,16697.0,628,369,298,65,3,69
2023-09-13,16138.0,567,416,241,72,6,85
2023-09-14,15601.0,586,446,276,64,1,77
2023-09-15,17535.0,561,376,258,75,6,95
2023-09-16,17658.0,627,216,261,81,8,84
2023-09-17,15131.0,578,197,316,55,3,58
2023-09-18,16167.0,577,342,302,74,7,73
2023-09-19,15360.0,577,408,280,68,6,71
2023-09-20,16052.0,573,402,219,60,3,65
2023-09-21,15740.0,555,387,223,63,5,64
2023-09-22,17145.0,577,411,282,80,10,97
2023-09-23,17202.0,634,243,359,57,4,69
2023-09-24,13632.0,559,197,323,43,2,54
2023-09-25,14780.0,503,335,254,51,4,62
2023-09-26,15083.0,542,373,239,70,8,74
2023-09-27,15851.0,582,395,219,88,5,93
2023-09-28,15787.0,648,389,253,78,8,79
2023-09-29,17361.0,557,397,258,77,4,81
2023-09-30,16657.0,574,238,292,61,3,75
2023-10-01,13361.0,590,215,357,50,6,65
2023-10-02,15209.0,613,336,255,71,5,86
2023-10-03,15639.0,516,439,216,91,7,94
2023-10-04,14598.0,520,421,214,66,4,73
2023-10-05,14229.0,532,426,215,68,5,64
2023-10-06,15789.0,554,393,251,62,8,63
2023-10-07,15557.0,601,207,308,47,3,58
2023-10-08,12061.0,511,186,289,46,5,53
2023-10-09,13695.0,507,344,242,59,7,67
2023-10-10,14220.0,515,388,207,62,6,71
2023-10-11,15068.0,522,386,262,68,3,72
2023-10-12,15110.0,558,401,230,85,7,98
2023-10-13,16924.0,580,359,257,68,5,73
2023-10-14,17866.0,678,262,370,63,2,74
2023-10-15,16160.0,729,223,438,37,4,43
2023-10-16,13958.0,578,298,282,55,6,57
2023-10-17,14195.0,517,416,188,61,2,67
2023-10-18,14660.0,542,423,260,53,4,58
2023-10-19,14112.0,489,444,220,60,3,65
2023-10-20,15852.0,519,402,236,81,2,93
2023-10-21,17025.0,618,258,349,70,2,83
2023-10-22,13041.0,523,198,279,45,7,51
2023-10-23,15561.0,541,384,235,72,7,73
2023-10-24,14937.0,504,450,209,49,7,55
2023-10-25,14811.0,546,398,212,64,5,68
2023-10-26,15125.0,480,506,205,53,3,62
2023-10-27,16161.0,577,403,227,77,9,84
2023-10-28,15754.0,496,251,290,57,4,63
2023-10-29,13845.0,530,221,590,56,3,72
2023-10-30,16193.0,499,398,186,83,6,90
2023-10-31,17174.0,474,376,199,75,4,76
2023-11-01,12747.0,535,264,266,38,2,46
2023-11-02,15041.0,551,410,243,60,5,69
2023-11-03,15140.0,510,387,187,54,3,66
2023-11-04,15139.0,532,244,271,52,8,59
2023-11-05,11674.0,577,185,314,33,4,40
2023-11-06,13956.0,521,376,242,60,3,72
2023-11-07,13909.0,501,409,180,47,4,52
2023-11-08,14178.0,482,481,175,48,4,56
2023-11-09,14565.0,538,473,200,62,3,67
2023-11-10,16292.0,602,425,253,75,9,70
2023-11-11,14340.0,636,263,355,43,5,56
2023-11-12,11976.0,527,203,290,40,4,45
2023-11-13,14558.0,598,390,345,67,3,72
2023-11-14,14166.0,468,412,177,64,4,73
2023-11-15,14338.0,527,478,179,75,3,82
2023-11-16,14262.0,509,459,206,60,8,62
2023-11-17,15192.0,579,421,223,67,5,65
2023-11-18,14396.0,524,252,249,43,1,48
2023-11-19,11307.0,459,200,231,28,4,36
2023-11-20,13778.0,516,360,227,75,7,88
2023-11-21,14244.0,537,467,211,60,10,66
2023-11-22,13660.0,479,469,175,55,8,54
2023-11-23,13872.0,479,411,143,56,6,60
2023-11-24,15044.0,469,418,157,68,3,81
2023-11-25,14656.0,496,229,263,58,8,68
2023-11-26,11638.0,493,223,243,37,5,40
2023-11-27,13892.0,513,376,260,46,3,53
2023-11-28,13734.0,401,436,137,50,2,62
2023-11-29,13498.0,427,509,148,45,4,59
2023-11-30,14134.0,486,496,201,46,5,52
2023-12-01,15424.0,455,393,166,31,2,36
2023-12-02,15013.0,443,214,198,36,1,40
2023-12-03,12043.0,395,179,177,22,3,24
2023-12-04,13862.0,428,329,161,31,3,32
2023-12-05,13584.0,390,402,108,29,1,36
2023-12-06,13223.0,374,411,111,30,4,32
2023-12-07,14006.0,391,421,119,48,2,52
2023-12-08,14906.0,414,382,116,38,4,44
2023-12-09,15017.0,486,251,201,34,4,36
2023-12-10,12479.0,486,235,223,36,4,48
2023-12-11,14362.0,440,332,194,70,6,78
2023-12-12,14701.0,459,396,162,48,1,63
2023-12-13,14470.0,485,394,147,56,4,63
2023-12-14,14262.0,441,420,145,58,2,70
2023-12-15,16144.0,429,394,146,82,6,84
2023-12-16,16066.0,489,254,225,31,1,40
2023-12-17,13621.0,517,198,219,45,4,56
2023-12-18,14568.0,505,386,202,68,6,77
2023-12-19,14934.0,445,388,162,55,8,53
2023-12-20,14908.0,414,398,133,93,7,104
2023-12-21,15571.0,413,366,148,98,3,114
2023-12-22,17589.0,396,472,161,83,1,85
2023-12-23,16167.0,445,322,210,43,8,58
2023-12-24,10360.0,305,145,166,30,6,28
2023-12-25,11611.0,334,141,170,22,2,24
2023-12-26,11037.0,357,160,190,28,4,35
2023-12-27,14882.0,416,375,216,24,1,25
2023-12-28,15172.0,393,470,141,47,3,61
2023-12-29,15857.0,401,390,144,47,4,57
2023-12-30,15442.0,494,258,176,51,4,58
2023-12-31,13370.0,436,181,179,24,6,26
